Using pre-set license
Built from '2022.3/staging' branch; Version is '2022.3.55f1 (9f374180d209) revision 10434369'; Using compiler version '192829333'; Build Type 'Release'
OS: 'Windows 11  (10.0.26100) 64bit Professional' Language: 'en' Physical Memory: 15553 MB
BatchMode: 1, IsHumanControllingUs: 0, StartBugReporterOnCrash: 0, Is64bit: 1, IsPro: 1

COMMAND LINE ARGUMENTS:
C:\Program Files\Unity\Hub\Editor\2022.3.55f1\Editor\Unity.exe
-adb2
-batchMode
-noUpm
-name
AssetImportWorker0
-projectPath
C:/Users/narsi/Desktop/Time Melt(AVR Project)/TimeMelt-AVRProject
-logFile
Logs/AssetImportWorker0.log
-srvPort
58157
Successfully changed project path to: C:/Users/narsi/Desktop/Time Melt(AVR Project)/TimeMelt-AVRProject
C:/Users/narsi/Desktop/Time Melt(AVR Project)/TimeMelt-AVRProject
[UnityMemory] Configuration Parameters - Can be set up in boot.config
    "memorysetup-bucket-allocator-granularity=16"
    "memorysetup-bucket-allocator-bucket-count=8"
    "memorysetup-bucket-allocator-block-size=33554432"
    "memorysetup-bucket-allocator-block-count=8"
    "memorysetup-main-allocator-block-size=16777216"
    "memorysetup-thread-allocator-block-size=16777216"
    "memorysetup-gfx-main-allocator-block-size=16777216"
    "memorysetup-gfx-thread-allocator-block-size=16777216"
    "memorysetup-cache-allocator-block-size=4194304"
    "memorysetup-typetree-allocator-block-size=2097152"
    "memorysetup-profiler-bucket-allocator-granularity=16"
    "memorysetup-profiler-bucket-allocator-bucket-count=8"
    "memorysetup-profiler-bucket-allocator-block-size=33554432"
    "memorysetup-profiler-bucket-allocator-block-count=8"
    "memorysetup-profiler-allocator-block-size=16777216"
    "memorysetup-profiler-editor-allocator-block-size=1048576"
    "memorysetup-temp-allocator-size-main=16777216"
    "memorysetup-job-temp-allocator-block-size=2097152"
    "memorysetup-job-temp-allocator-block-size-background=1048576"
    "memorysetup-job-temp-allocator-reduction-small-platforms=262144"
    "memorysetup-allocator-temp-initial-block-size-main=262144"
    "memorysetup-allocator-temp-initial-block-size-worker=262144"
    "memorysetup-temp-allocator-size-background-worker=32768"
    "memorysetup-temp-allocator-size-job-worker=262144"
    "memorysetup-temp-allocator-size-preload-manager=33554432"
    "memorysetup-temp-allocator-size-nav-mesh-worker=65536"
    "memorysetup-temp-allocator-size-audio-worker=65536"
    "memorysetup-temp-allocator-size-cloud-worker=32768"
    "memorysetup-temp-allocator-size-gi-baking-worker=262144"
    "memorysetup-temp-allocator-size-gfx=262144"
Player connection [289868]  Target information:

Player connection [289868]  * "[IP] 10.1.10.60 [Port] 0 [Flags] 2 [Guid] 1979982376 [EditorId] 1979982376 [Version] 1048832 [Id] WindowsEditor(7,Narsilarc) [Debug] 1 [PackageName] WindowsEditor [ProjectName] Editor" 

Player connection [289868] Host joined multi-casting on [225.0.0.222:54997]...
Player connection [289868] Host joined alternative multi-casting on [225.0.0.222:34997]...
[PhysX] Initialized MultithreadedTaskDispatcher with 16 workers.
Refreshing native plugins compatible for Editor in 25.29 ms, found 3 plugins.
Preloading 0 native plugins for Editor in 0.00 ms.
Initialize engine version: 2022.3.55f1 (9f374180d209)
[Subsystems] Discovering subsystems at path C:/Program Files/Unity/Hub/Editor/2022.3.55f1/Editor/Data/Resources/UnitySubsystems
[Subsystems] Discovering subsystems at path C:/Users/narsi/Desktop/Time Melt(AVR Project)/TimeMelt-AVRProject/Assets
GfxDevice: creating device client; threaded=0; jobified=0
Direct3D:
    Version:  Direct3D 11.0 [level 11.1]
    Renderer: NVIDIA GeForce RTX 4060 Laptop GPU (ID=0x28e0)
    Vendor:   NVIDIA
    VRAM:     7957 MB
    Driver:   32.0.15.6626
Initialize mono
Mono path[0] = 'C:/Program Files/Unity/Hub/Editor/2022.3.55f1/Editor/Data/Managed'
Mono path[1] = 'C:/Program Files/Unity/Hub/Editor/2022.3.55f1/Editor/Data/MonoBleedingEdge/lib/mono/unityjit-win32'
Mono config path = 'C:/Program Files/Unity/Hub/Editor/2022.3.55f1/Editor/Data/MonoBleedingEdge/etc'
Using monoOptions --debugger-agent=transport=dt_socket,embedding=1,server=y,suspend=n,address=127.0.0.1:56916
Begin MonoManager ReloadAssembly
Registering precompiled unity dll's ...
Register platform support module: C:/Program Files/Unity/Hub/Editor/2022.3.55f1/Editor/Data/PlaybackEngines/AndroidPlayer/UnityEditor.Android.Extensions.dll
Register platform support module: C:/Program Files/Unity/Hub/Editor/2022.3.55f1/Editor/Data/PlaybackEngines/WindowsStandaloneSupport/UnityEditor.WindowsStandalone.Extensions.dll
Registered in 0.022197 seconds.
- Loaded All Assemblies, in  0.463 seconds
Native extension for WindowsStandalone target not found
Native extension for Android target not found
Android Extension - Scanning For ADB Devices 355 ms
Mono: successfully reloaded assembly
- Finished resetting the current domain, in  0.658 seconds
Domain Reload Profiling: 1114ms
	BeginReloadAssembly (138ms)
		ExecutionOrderSort (0ms)
		DisableScriptedObjects (0ms)
		BackupInstance (0ms)
		ReleaseScriptingObjects (0ms)
		CreateAndSetChildDomain (1ms)
	RebuildCommonClasses (30ms)
	RebuildNativeTypeToScriptingClass (11ms)
	initialDomainReloadingComplete (88ms)
	LoadAllAssembliesAndSetupDomain (189ms)
		LoadAssemblies (133ms)
		RebuildTransferFunctionScriptingTraits (0ms)
		AnalyzeDomain (183ms)
			TypeCache.Refresh (168ms)
				TypeCache.ScanAssembly (153ms)
			ScanForSourceGeneratedMonoScriptInfo (12ms)
			ResolveRequiredComponents (2ms)
	FinalizeReload (658ms)
		ReleaseScriptCaches (0ms)
		RebuildScriptCaches (0ms)
		SetupLoadedEditorAssemblies (615ms)
			LogAssemblyErrors (0ms)
			InitializePlatformSupportModulesInManaged (447ms)
			SetLoadedEditorAssemblies (4ms)
			RefreshPlugins (0ms)
			BeforeProcessingInitializeOnLoad (2ms)
			ProcessInitializeOnLoadAttributes (118ms)
			ProcessInitializeOnLoadMethodAttributes (44ms)
			AfterProcessingInitializeOnLoad (0ms)
			EditorAssembliesLoaded (0ms)
		ExecutionOrderSort2 (0ms)
		AwakeInstancesAfterBackupRestoration (0ms)
========================================================================
Worker process is ready to serve import requests
Caller must complete domain reload
Begin MonoManager ReloadAssembly
- Loaded All Assemblies, in  1.163 seconds
Native extension for WindowsStandalone target not found
Native extension for Android target not found
Mono: successfully reloaded assembly
- Finished resetting the current domain, in  0.981 seconds
Domain Reload Profiling: 2128ms
	BeginReloadAssembly (210ms)
		ExecutionOrderSort (0ms)
		DisableScriptedObjects (5ms)
		BackupInstance (0ms)
		ReleaseScriptingObjects (0ms)
		CreateAndSetChildDomain (22ms)
	RebuildCommonClasses (33ms)
	RebuildNativeTypeToScriptingClass (11ms)
	initialDomainReloadingComplete (66ms)
	LoadAllAssembliesAndSetupDomain (827ms)
		LoadAssemblies (771ms)
		RebuildTransferFunctionScriptingTraits (0ms)
		AnalyzeDomain (204ms)
			TypeCache.Refresh (185ms)
				TypeCache.ScanAssembly (170ms)
			ScanForSourceGeneratedMonoScriptInfo (12ms)
			ResolveRequiredComponents (4ms)
	FinalizeReload (981ms)
		ReleaseScriptCaches (0ms)
		RebuildScriptCaches (0ms)
		SetupLoadedEditorAssemblies (815ms)
			LogAssemblyErrors (0ms)
			InitializePlatformSupportModulesInManaged (32ms)
			SetLoadedEditorAssemblies (3ms)
			RefreshPlugins (0ms)
			BeforeProcessingInitializeOnLoad (194ms)
			ProcessInitializeOnLoadAttributes (484ms)
			ProcessInitializeOnLoadMethodAttributes (76ms)
			AfterProcessingInitializeOnLoad (25ms)
			EditorAssembliesLoaded (0ms)
		ExecutionOrderSort2 (0ms)
		AwakeInstancesAfterBackupRestoration (11ms)
Launched and connected shader compiler UnityShaderCompiler.exe after 1.00 seconds
Refreshing native plugins compatible for Editor in 17.20 ms, found 3 plugins.
Preloading 0 native plugins for Editor in 0.00 ms.
Unloading 3263 Unused Serialized files (Serialized files now loaded: 0)
Unloading 19 unused Assets / (54.5 KB). Loaded Objects now: 3733.
Memory consumption went from 125.6 MB to 125.6 MB.
Total: 4.278600 ms (FindLiveObjects: 0.371600 ms CreateObjectMapping: 0.181900 ms MarkObjects: 3.610100 ms  DeleteObjects: 0.114400 ms)

AssetImportParameters requested are different than current active one (requested -> active):
  custom:container-demuxer-ogg: 62fdf1f143b41e24485cea50d1cbac27 -> 
  custom:video-codec-MediaFoundation-h265: 746d11721c4dcdbdad8f713fa42b33f4 -> 
  custom:video-decoder-ogg-theora: a1e56fd34408186e4bbccfd4996cb3dc -> 
  custom:framework-win-MediaFoundation: 216162199b28c13a410421893ffa2e32 -> 
  custom:CustomObjectIndexerAttribute: 9a22284fe3817be447336de3de66b15e -> 
  custom:container-demuxer-webm: 4f35f7cbe854078d1ac9338744f61a02 -> 
  custom:container-muxer-webm: aa71ff27fc2769a1b78a27578f13a17b -> 
  custom:video-decoder-webm-vp8: 9c59270c3fd7afecdb556c50c9e8de78 -> 
  custom:SearchIndexIgnoredProperties: e643bd26f0fe6173181afceb89e7c659 -> 
  custom:AudioImporter_EditorPlatform: d09bf68614088b80899f8185d706f6e7 -> 
  custom:video-encoder-webm-vp8: eb34c28f22e8b96e1ab97ce403110664 -> 
  custom:audio-decoder-ogg-vorbis: bf7c407c2cedff20999df2af8eb42d56 -> 
  custom:audio-encoder-webm-vorbis: bf7c407c2cedff20999df2af8eb42d56 -> 
========================================================================
Received Import Request.
  Time since last request: 2223938.179834 seconds.
  path: Assets/Code/PlayerMovement.cs
  artifactKey: Guid(df52f759400707a45adea59504897ce1) Importer(815301076,1909f56bfc062723c751e8b465ee728b)
Start importing Assets/Code/PlayerMovement.cs using Guid(df52f759400707a45adea59504897ce1) Importer(815301076,1909f56bfc062723c751e8b465ee728b) [PhysX] Initialized MultithreadedTaskDispatcher with 16 workers.
 -> (artifact id: 'b1cdcb03dc0b74788e97c4b9af46ea82') in 0.016960 seconds
Number of updated asset objects reloaded before import = 0
Number of asset objects unloaded after import = 0
========================================================================
Received Prepare
Caller must complete domain reload
Begin MonoManager ReloadAssembly
- Loaded All Assemblies, in  0.563 seconds
Native extension for WindowsStandalone target not found
Native extension for Android target not found
Mono: successfully reloaded assembly
- Finished resetting the current domain, in  1.283 seconds
Domain Reload Profiling: 1840ms
	BeginReloadAssembly (204ms)
		ExecutionOrderSort (0ms)
		DisableScriptedObjects (6ms)
		BackupInstance (0ms)
		ReleaseScriptingObjects (0ms)
		CreateAndSetChildDomain (54ms)
	RebuildCommonClasses (27ms)
	RebuildNativeTypeToScriptingClass (8ms)
	initialDomainReloadingComplete (36ms)
	LoadAllAssembliesAndSetupDomain (283ms)
		LoadAssemblies (373ms)
		RebuildTransferFunctionScriptingTraits (0ms)
		AnalyzeDomain (16ms)
			TypeCache.Refresh (7ms)
				TypeCache.ScanAssembly (0ms)
			ScanForSourceGeneratedMonoScriptInfo (6ms)
			ResolveRequiredComponents (3ms)
	FinalizeReload (1283ms)
		ReleaseScriptCaches (0ms)
		RebuildScriptCaches (0ms)
		SetupLoadedEditorAssemblies (279ms)
			LogAssemblyErrors (0ms)
			InitializePlatformSupportModulesInManaged (17ms)
			SetLoadedEditorAssemblies (3ms)
			RefreshPlugins (0ms)
			BeforeProcessingInitializeOnLoad (53ms)
			ProcessInitializeOnLoadAttributes (178ms)
			ProcessInitializeOnLoadMethodAttributes (15ms)
			AfterProcessingInitializeOnLoad (12ms)
			EditorAssembliesLoaded (0ms)
		ExecutionOrderSort2 (0ms)
		AwakeInstancesAfterBackupRestoration (7ms)
Refreshing native plugins compatible for Editor in 8.05 ms, found 3 plugins.
Preloading 0 native plugins for Editor in 0.00 ms.
Unloading 3242 Unused Serialized files (Serialized files now loaded: 0)
Unloading 14 unused Assets / (28.5 KB). Loaded Objects now: 3737.
Memory consumption went from 121.5 MB to 121.5 MB.
Total: 2.901300 ms (FindLiveObjects: 0.219500 ms CreateObjectMapping: 0.059100 ms MarkObjects: 2.579600 ms  DeleteObjects: 0.042100 ms)

Prepare: number of updated asset objects reloaded= 0
AssetImportParameters requested are different than current active one (requested -> active):
  custom:container-demuxer-ogg: 62fdf1f143b41e24485cea50d1cbac27 -> 
  custom:video-codec-MediaFoundation-h265: 746d11721c4dcdbdad8f713fa42b33f4 -> 
  custom:video-decoder-ogg-theora: a1e56fd34408186e4bbccfd4996cb3dc -> 
  custom:framework-win-MediaFoundation: 216162199b28c13a410421893ffa2e32 -> 
  custom:CustomObjectIndexerAttribute: 9a22284fe3817be447336de3de66b15e -> 
  custom:container-demuxer-webm: 4f35f7cbe854078d1ac9338744f61a02 -> 
  custom:container-muxer-webm: aa71ff27fc2769a1b78a27578f13a17b -> 
  custom:video-decoder-webm-vp8: 9c59270c3fd7afecdb556c50c9e8de78 -> 
  custom:SearchIndexIgnoredProperties: e643bd26f0fe6173181afceb89e7c659 -> 
  custom:AudioImporter_EditorPlatform: d09bf68614088b80899f8185d706f6e7 -> 
  custom:video-encoder-webm-vp8: eb34c28f22e8b96e1ab97ce403110664 -> 
  custom:audio-decoder-ogg-vorbis: bf7c407c2cedff20999df2af8eb42d56 -> 
  custom:audio-encoder-webm-vorbis: bf7c407c2cedff20999df2af8eb42d56 -> 
========================================================================
Received Prepare
Caller must complete domain reload
Begin MonoManager ReloadAssembly
- Loaded All Assemblies, in  0.445 seconds
Native extension for WindowsStandalone target not found
Native extension for Android target not found
Mono: successfully reloaded assembly
- Finished resetting the current domain, in  0.925 seconds
Domain Reload Profiling: 1359ms
	BeginReloadAssembly (158ms)
		ExecutionOrderSort (0ms)
		DisableScriptedObjects (4ms)
		BackupInstance (0ms)
		ReleaseScriptingObjects (0ms)
		CreateAndSetChildDomain (24ms)
	RebuildCommonClasses (23ms)
	RebuildNativeTypeToScriptingClass (7ms)
	initialDomainReloadingComplete (33ms)
	LoadAllAssembliesAndSetupDomain (213ms)
		LoadAssemblies (303ms)
		RebuildTransferFunctionScriptingTraits (0ms)
		AnalyzeDomain (8ms)
			TypeCache.Refresh (4ms)
				TypeCache.ScanAssembly (0ms)
			ScanForSourceGeneratedMonoScriptInfo (0ms)
			ResolveRequiredComponents (3ms)
	FinalizeReload (925ms)
		ReleaseScriptCaches (0ms)
		RebuildScriptCaches (0ms)
		SetupLoadedEditorAssemblies (294ms)
			LogAssemblyErrors (0ms)
			InitializePlatformSupportModulesInManaged (17ms)
			SetLoadedEditorAssemblies (3ms)
			RefreshPlugins (0ms)
			BeforeProcessingInitializeOnLoad (55ms)
			ProcessInitializeOnLoadAttributes (192ms)
			ProcessInitializeOnLoadMethodAttributes (15ms)
			AfterProcessingInitializeOnLoad (13ms)
			EditorAssembliesLoaded (0ms)
		ExecutionOrderSort2 (0ms)
		AwakeInstancesAfterBackupRestoration (7ms)
Refreshing native plugins compatible for Editor in 5.84 ms, found 3 plugins.
Preloading 0 native plugins for Editor in 0.00 ms.
Unloading 3243 Unused Serialized files (Serialized files now loaded: 0)
Unloading 14 unused Assets / (28.5 KB). Loaded Objects now: 3741.
Memory consumption went from 121.8 MB to 121.7 MB.
Total: 2.568100 ms (FindLiveObjects: 0.236000 ms CreateObjectMapping: 0.050800 ms MarkObjects: 2.241300 ms  DeleteObjects: 0.039500 ms)

Prepare: number of updated asset objects reloaded= 0
AssetImportParameters requested are different than current active one (requested -> active):
  custom:container-demuxer-ogg: 62fdf1f143b41e24485cea50d1cbac27 -> 
  custom:video-codec-MediaFoundation-h265: 746d11721c4dcdbdad8f713fa42b33f4 -> 
  custom:video-decoder-ogg-theora: a1e56fd34408186e4bbccfd4996cb3dc -> 
  custom:framework-win-MediaFoundation: 216162199b28c13a410421893ffa2e32 -> 
  custom:CustomObjectIndexerAttribute: 9a22284fe3817be447336de3de66b15e -> 
  custom:container-demuxer-webm: 4f35f7cbe854078d1ac9338744f61a02 -> 
  custom:container-muxer-webm: aa71ff27fc2769a1b78a27578f13a17b -> 
  custom:video-decoder-webm-vp8: 9c59270c3fd7afecdb556c50c9e8de78 -> 
  custom:SearchIndexIgnoredProperties: e643bd26f0fe6173181afceb89e7c659 -> 
  custom:AudioImporter_EditorPlatform: d09bf68614088b80899f8185d706f6e7 -> 
  custom:video-encoder-webm-vp8: eb34c28f22e8b96e1ab97ce403110664 -> 
  custom:audio-decoder-ogg-vorbis: bf7c407c2cedff20999df2af8eb42d56 -> 
  custom:audio-encoder-webm-vorbis: bf7c407c2cedff20999df2af8eb42d56 -> 
========================================================================
Received Prepare
Caller must complete domain reload
Begin MonoManager ReloadAssembly
- Loaded All Assemblies, in  0.392 seconds
Native extension for WindowsStandalone target not found
Native extension for Android target not found
Mono: successfully reloaded assembly
- Finished resetting the current domain, in  1.020 seconds
Domain Reload Profiling: 1406ms
	BeginReloadAssembly (144ms)
		ExecutionOrderSort (0ms)
		DisableScriptedObjects (4ms)
		BackupInstance (0ms)
		ReleaseScriptingObjects (0ms)
		CreateAndSetChildDomain (22ms)
	RebuildCommonClasses (21ms)
	RebuildNativeTypeToScriptingClass (7ms)
	initialDomainReloadingComplete (28ms)
	LoadAllAssembliesAndSetupDomain (184ms)
		LoadAssemblies (263ms)
		RebuildTransferFunctionScriptingTraits (0ms)
		AnalyzeDomain (9ms)
			TypeCache.Refresh (4ms)
				TypeCache.ScanAssembly (0ms)
			ScanForSourceGeneratedMonoScriptInfo (0ms)
			ResolveRequiredComponents (4ms)
	FinalizeReload (1021ms)
		ReleaseScriptCaches (0ms)
		RebuildScriptCaches (0ms)
		SetupLoadedEditorAssemblies (318ms)
			LogAssemblyErrors (0ms)
			InitializePlatformSupportModulesInManaged (19ms)
			SetLoadedEditorAssemblies (3ms)
			RefreshPlugins (0ms)
			BeforeProcessingInitializeOnLoad (61ms)
			ProcessInitializeOnLoadAttributes (199ms)
			ProcessInitializeOnLoadMethodAttributes (17ms)
			AfterProcessingInitializeOnLoad (18ms)
			EditorAssembliesLoaded (0ms)
		ExecutionOrderSort2 (0ms)
		AwakeInstancesAfterBackupRestoration (7ms)
Refreshing native plugins compatible for Editor in 5.01 ms, found 3 plugins.
Preloading 0 native plugins for Editor in 0.00 ms.
Unloading 3243 Unused Serialized files (Serialized files now loaded: 0)
Unloading 14 unused Assets / (28.5 KB). Loaded Objects now: 3745.
Memory consumption went from 121.8 MB to 121.7 MB.
Total: 3.036000 ms (FindLiveObjects: 0.281300 ms CreateObjectMapping: 0.078200 ms MarkObjects: 2.627700 ms  DeleteObjects: 0.048400 ms)

Prepare: number of updated asset objects reloaded= 0
AssetImportParameters requested are different than current active one (requested -> active):
  custom:container-demuxer-ogg: 62fdf1f143b41e24485cea50d1cbac27 -> 
  custom:video-codec-MediaFoundation-h265: 746d11721c4dcdbdad8f713fa42b33f4 -> 
  custom:video-decoder-ogg-theora: a1e56fd34408186e4bbccfd4996cb3dc -> 
  custom:framework-win-MediaFoundation: 216162199b28c13a410421893ffa2e32 -> 
  custom:CustomObjectIndexerAttribute: 9a22284fe3817be447336de3de66b15e -> 
  custom:container-demuxer-webm: 4f35f7cbe854078d1ac9338744f61a02 -> 
  custom:container-muxer-webm: aa71ff27fc2769a1b78a27578f13a17b -> 
  custom:video-decoder-webm-vp8: 9c59270c3fd7afecdb556c50c9e8de78 -> 
  custom:SearchIndexIgnoredProperties: e643bd26f0fe6173181afceb89e7c659 -> 
  custom:AudioImporter_EditorPlatform: d09bf68614088b80899f8185d706f6e7 -> 
  custom:video-encoder-webm-vp8: eb34c28f22e8b96e1ab97ce403110664 -> 
  custom:audio-decoder-ogg-vorbis: bf7c407c2cedff20999df2af8eb42d56 -> 
  custom:audio-encoder-webm-vorbis: bf7c407c2cedff20999df2af8eb42d56 -> 
========================================================================
Received Prepare
Caller must complete domain reload
Begin MonoManager ReloadAssembly
- Loaded All Assemblies, in  0.427 seconds
Native extension for WindowsStandalone target not found
Native extension for Android target not found
Mono: successfully reloaded assembly
- Finished resetting the current domain, in  1.349 seconds
Domain Reload Profiling: 1772ms
	BeginReloadAssembly (149ms)
		ExecutionOrderSort (0ms)
		DisableScriptedObjects (3ms)
		BackupInstance (0ms)
		ReleaseScriptingObjects (0ms)
		CreateAndSetChildDomain (24ms)
	RebuildCommonClasses (22ms)
	RebuildNativeTypeToScriptingClass (9ms)
	initialDomainReloadingComplete (36ms)
	LoadAllAssembliesAndSetupDomain (208ms)
		LoadAssemblies (285ms)
		RebuildTransferFunctionScriptingTraits (0ms)
		AnalyzeDomain (14ms)
			TypeCache.Refresh (5ms)
				TypeCache.ScanAssembly (0ms)
			ScanForSourceGeneratedMonoScriptInfo (5ms)
			ResolveRequiredComponents (3ms)
	FinalizeReload (1350ms)
		ReleaseScriptCaches (0ms)
		RebuildScriptCaches (0ms)
		SetupLoadedEditorAssemblies (271ms)
			LogAssemblyErrors (0ms)
			InitializePlatformSupportModulesInManaged (17ms)
			SetLoadedEditorAssemblies (3ms)
			RefreshPlugins (0ms)
			BeforeProcessingInitializeOnLoad (53ms)
			ProcessInitializeOnLoadAttributes (170ms)
			ProcessInitializeOnLoadMethodAttributes (13ms)
			AfterProcessingInitializeOnLoad (15ms)
			EditorAssembliesLoaded (0ms)
		ExecutionOrderSort2 (0ms)
		AwakeInstancesAfterBackupRestoration (6ms)
Refreshing native plugins compatible for Editor in 6.76 ms, found 3 plugins.
Preloading 0 native plugins for Editor in 0.00 ms.
Unloading 3243 Unused Serialized files (Serialized files now loaded: 0)
Unloading 14 unused Assets / (28.5 KB). Loaded Objects now: 3749.
Memory consumption went from 121.8 MB to 121.8 MB.
Total: 2.613000 ms (FindLiveObjects: 0.298400 ms CreateObjectMapping: 0.055300 ms MarkObjects: 2.226300 ms  DeleteObjects: 0.032400 ms)

Prepare: number of updated asset objects reloaded= 0
AssetImportParameters requested are different than current active one (requested -> active):
  custom:container-demuxer-ogg: 62fdf1f143b41e24485cea50d1cbac27 -> 
  custom:video-codec-MediaFoundation-h265: 746d11721c4dcdbdad8f713fa42b33f4 -> 
  custom:video-decoder-ogg-theora: a1e56fd34408186e4bbccfd4996cb3dc -> 
  custom:framework-win-MediaFoundation: 216162199b28c13a410421893ffa2e32 -> 
  custom:CustomObjectIndexerAttribute: 9a22284fe3817be447336de3de66b15e -> 
  custom:container-demuxer-webm: 4f35f7cbe854078d1ac9338744f61a02 -> 
  custom:container-muxer-webm: aa71ff27fc2769a1b78a27578f13a17b -> 
  custom:video-decoder-webm-vp8: 9c59270c3fd7afecdb556c50c9e8de78 -> 
  custom:SearchIndexIgnoredProperties: e643bd26f0fe6173181afceb89e7c659 -> 
  custom:AudioImporter_EditorPlatform: d09bf68614088b80899f8185d706f6e7 -> 
  custom:video-encoder-webm-vp8: eb34c28f22e8b96e1ab97ce403110664 -> 
  custom:audio-decoder-ogg-vorbis: bf7c407c2cedff20999df2af8eb42d56 -> 
  custom:audio-encoder-webm-vorbis: bf7c407c2cedff20999df2af8eb42d56 -> 
========================================================================
Received Prepare
Caller must complete domain reload
Begin MonoManager ReloadAssembly
- Loaded All Assemblies, in  0.468 seconds
Native extension for WindowsStandalone target not found
Native extension for Android target not found
Mono: successfully reloaded assembly
- Finished resetting the current domain, in  0.968 seconds
Domain Reload Profiling: 1429ms
	BeginReloadAssembly (155ms)
		ExecutionOrderSort (0ms)
		DisableScriptedObjects (3ms)
		BackupInstance (0ms)
		ReleaseScriptingObjects (0ms)
		CreateAndSetChildDomain (27ms)
	RebuildCommonClasses (24ms)
	RebuildNativeTypeToScriptingClass (8ms)
	initialDomainReloadingComplete (37ms)
	LoadAllAssembliesAndSetupDomain (237ms)
		LoadAssemblies (324ms)
		RebuildTransferFunctionScriptingTraits (0ms)
		AnalyzeDomain (9ms)
			TypeCache.Refresh (5ms)
				TypeCache.ScanAssembly (0ms)
			ScanForSourceGeneratedMonoScriptInfo (0ms)
			ResolveRequiredComponents (3ms)
	FinalizeReload (968ms)
		ReleaseScriptCaches (0ms)
		RebuildScriptCaches (0ms)
		SetupLoadedEditorAssemblies (322ms)
			LogAssemblyErrors (0ms)
			InitializePlatformSupportModulesInManaged (21ms)
			SetLoadedEditorAssemblies (4ms)
			RefreshPlugins (0ms)
			BeforeProcessingInitializeOnLoad (61ms)
			ProcessInitializeOnLoadAttributes (201ms)
			ProcessInitializeOnLoadMethodAttributes (17ms)
			AfterProcessingInitializeOnLoad (19ms)
			EditorAssembliesLoaded (0ms)
		ExecutionOrderSort2 (0ms)
		AwakeInstancesAfterBackupRestoration (8ms)
Refreshing native plugins compatible for Editor in 6.07 ms, found 3 plugins.
Preloading 0 native plugins for Editor in 0.00 ms.
Unloading 3243 Unused Serialized files (Serialized files now loaded: 0)
Unloading 14 unused Assets / (28.5 KB). Loaded Objects now: 3753.
Memory consumption went from 121.8 MB to 121.8 MB.
Total: 2.724400 ms (FindLiveObjects: 0.248000 ms CreateObjectMapping: 0.074600 ms MarkObjects: 2.366400 ms  DeleteObjects: 0.034700 ms)

Prepare: number of updated asset objects reloaded= 0
AssetImportParameters requested are different than current active one (requested -> active):
  custom:container-demuxer-ogg: 62fdf1f143b41e24485cea50d1cbac27 -> 
  custom:video-codec-MediaFoundation-h265: 746d11721c4dcdbdad8f713fa42b33f4 -> 
  custom:video-decoder-ogg-theora: a1e56fd34408186e4bbccfd4996cb3dc -> 
  custom:framework-win-MediaFoundation: 216162199b28c13a410421893ffa2e32 -> 
  custom:CustomObjectIndexerAttribute: 9a22284fe3817be447336de3de66b15e -> 
  custom:container-demuxer-webm: 4f35f7cbe854078d1ac9338744f61a02 -> 
  custom:container-muxer-webm: aa71ff27fc2769a1b78a27578f13a17b -> 
  custom:video-decoder-webm-vp8: 9c59270c3fd7afecdb556c50c9e8de78 -> 
  custom:SearchIndexIgnoredProperties: e643bd26f0fe6173181afceb89e7c659 -> 
  custom:AudioImporter_EditorPlatform: d09bf68614088b80899f8185d706f6e7 -> 
  custom:video-encoder-webm-vp8: eb34c28f22e8b96e1ab97ce403110664 -> 
  custom:audio-decoder-ogg-vorbis: bf7c407c2cedff20999df2af8eb42d56 -> 
  custom:audio-encoder-webm-vorbis: bf7c407c2cedff20999df2af8eb42d56 -> 
========================================================================
Received Import Request.
  Time since last request: 233.125909 seconds.
  path: Assets/Code/PlayerMovement.cs
  artifactKey: Guid(df52f759400707a45adea59504897ce1) Importer(815301076,1909f56bfc062723c751e8b465ee728b)
Start importing Assets/Code/PlayerMovement.cs using Guid(df52f759400707a45adea59504897ce1) Importer(815301076,1909f56bfc062723c751e8b465ee728b) [PhysX] Initialized MultithreadedTaskDispatcher with 16 workers.
 -> (artifact id: '96cb1c712ddba016807d0793ea0d2a53') in 0.010040 seconds
Number of updated asset objects reloaded before import = 0
Number of asset objects unloaded after import = 0
========================================================================
Received Prepare
Caller must complete domain reload
Begin MonoManager ReloadAssembly
- Loaded All Assemblies, in  0.451 seconds
Native extension for WindowsStandalone target not found
Native extension for Android target not found
Mono: successfully reloaded assembly
- Finished resetting the current domain, in  1.234 seconds
Domain Reload Profiling: 1680ms
	BeginReloadAssembly (151ms)
		ExecutionOrderSort (0ms)
		DisableScriptedObjects (4ms)
		BackupInstance (0ms)
		ReleaseScriptingObjects (0ms)
		CreateAndSetChildDomain (32ms)
	RebuildCommonClasses (24ms)
	RebuildNativeTypeToScriptingClass (7ms)
	initialDomainReloadingComplete (31ms)
	LoadAllAssembliesAndSetupDomain (233ms)
		LoadAssemblies (298ms)
		RebuildTransferFunctionScriptingTraits (0ms)
		AnalyzeDomain (16ms)
			TypeCache.Refresh (6ms)
				TypeCache.ScanAssembly (0ms)
			ScanForSourceGeneratedMonoScriptInfo (5ms)
			ResolveRequiredComponents (3ms)
	FinalizeReload (1234ms)
		ReleaseScriptCaches (0ms)
		RebuildScriptCaches (0ms)
		SetupLoadedEditorAssemblies (295ms)
			LogAssemblyErrors (0ms)
			InitializePlatformSupportModulesInManaged (19ms)
			SetLoadedEditorAssemblies (3ms)
			RefreshPlugins (0ms)
			BeforeProcessingInitializeOnLoad (61ms)
			ProcessInitializeOnLoadAttributes (183ms)
			ProcessInitializeOnLoadMethodAttributes (14ms)
			AfterProcessingInitializeOnLoad (14ms)
			EditorAssembliesLoaded (0ms)
		ExecutionOrderSort2 (0ms)
		AwakeInstancesAfterBackupRestoration (7ms)
Refreshing native plugins compatible for Editor in 8.04 ms, found 3 plugins.
Preloading 0 native plugins for Editor in 0.00 ms.
Unloading 3242 Unused Serialized files (Serialized files now loaded: 0)
Unloading 14 unused Assets / (28.5 KB). Loaded Objects now: 3757.
Memory consumption went from 121.5 MB to 121.5 MB.
Total: 2.519600 ms (FindLiveObjects: 0.263200 ms CreateObjectMapping: 0.096700 ms MarkObjects: 2.118900 ms  DeleteObjects: 0.040400 ms)

Prepare: number of updated asset objects reloaded= 0
AssetImportParameters requested are different than current active one (requested -> active):
  custom:container-demuxer-ogg: 62fdf1f143b41e24485cea50d1cbac27 -> 
  custom:video-codec-MediaFoundation-h265: 746d11721c4dcdbdad8f713fa42b33f4 -> 
  custom:video-decoder-ogg-theora: a1e56fd34408186e4bbccfd4996cb3dc -> 
  custom:framework-win-MediaFoundation: 216162199b28c13a410421893ffa2e32 -> 
  custom:CustomObjectIndexerAttribute: 9a22284fe3817be447336de3de66b15e -> 
  custom:container-demuxer-webm: 4f35f7cbe854078d1ac9338744f61a02 -> 
  custom:container-muxer-webm: aa71ff27fc2769a1b78a27578f13a17b -> 
  custom:video-decoder-webm-vp8: 9c59270c3fd7afecdb556c50c9e8de78 -> 
  custom:SearchIndexIgnoredProperties: e643bd26f0fe6173181afceb89e7c659 -> 
  custom:AudioImporter_EditorPlatform: d09bf68614088b80899f8185d706f6e7 -> 
  custom:video-encoder-webm-vp8: eb34c28f22e8b96e1ab97ce403110664 -> 
  custom:audio-decoder-ogg-vorbis: bf7c407c2cedff20999df2af8eb42d56 -> 
  custom:audio-encoder-webm-vorbis: bf7c407c2cedff20999df2af8eb42d56 -> 
========================================================================
Received Prepare
Caller must complete domain reload
Begin MonoManager ReloadAssembly
- Loaded All Assemblies, in  0.455 seconds
Native extension for WindowsStandalone target not found
Native extension for Android target not found
Mono: successfully reloaded assembly
- Finished resetting the current domain, in  0.926 seconds
Domain Reload Profiling: 1376ms
	BeginReloadAssembly (156ms)
		ExecutionOrderSort (0ms)
		DisableScriptedObjects (3ms)
		BackupInstance (0ms)
		ReleaseScriptingObjects (0ms)
		CreateAndSetChildDomain (23ms)
	RebuildCommonClasses (27ms)
	RebuildNativeTypeToScriptingClass (8ms)
	initialDomainReloadingComplete (35ms)
	LoadAllAssembliesAndSetupDomain (225ms)
		LoadAssemblies (311ms)
		RebuildTransferFunctionScriptingTraits (0ms)
		AnalyzeDomain (11ms)
			TypeCache.Refresh (5ms)
				TypeCache.ScanAssembly (0ms)
			ScanForSourceGeneratedMonoScriptInfo (0ms)
			ResolveRequiredComponents (4ms)
	FinalizeReload (927ms)
		ReleaseScriptCaches (0ms)
		RebuildScriptCaches (0ms)
		SetupLoadedEditorAssemblies (304ms)
			LogAssemblyErrors (0ms)
			InitializePlatformSupportModulesInManaged (18ms)
			SetLoadedEditorAssemblies (3ms)
			RefreshPlugins (0ms)
			BeforeProcessingInitializeOnLoad (58ms)
			ProcessInitializeOnLoadAttributes (194ms)
			ProcessInitializeOnLoadMethodAttributes (19ms)
			AfterProcessingInitializeOnLoad (12ms)
			EditorAssembliesLoaded (0ms)
		ExecutionOrderSort2 (0ms)
		AwakeInstancesAfterBackupRestoration (7ms)
Refreshing native plugins compatible for Editor in 5.91 ms, found 3 plugins.
Preloading 0 native plugins for Editor in 0.00 ms.
Unloading 3243 Unused Serialized files (Serialized files now loaded: 0)
Unloading 14 unused Assets / (28.5 KB). Loaded Objects now: 3761.
Memory consumption went from 121.8 MB to 121.8 MB.
Total: 2.880600 ms (FindLiveObjects: 0.263300 ms CreateObjectMapping: 0.087800 ms MarkObjects: 2.481500 ms  DeleteObjects: 0.047300 ms)

Prepare: number of updated asset objects reloaded= 0
AssetImportParameters requested are different than current active one (requested -> active):
  custom:container-demuxer-ogg: 62fdf1f143b41e24485cea50d1cbac27 -> 
  custom:video-codec-MediaFoundation-h265: 746d11721c4dcdbdad8f713fa42b33f4 -> 
  custom:video-decoder-ogg-theora: a1e56fd34408186e4bbccfd4996cb3dc -> 
  custom:framework-win-MediaFoundation: 216162199b28c13a410421893ffa2e32 -> 
  custom:CustomObjectIndexerAttribute: 9a22284fe3817be447336de3de66b15e -> 
  custom:container-demuxer-webm: 4f35f7cbe854078d1ac9338744f61a02 -> 
  custom:container-muxer-webm: aa71ff27fc2769a1b78a27578f13a17b -> 
  custom:video-decoder-webm-vp8: 9c59270c3fd7afecdb556c50c9e8de78 -> 
  custom:SearchIndexIgnoredProperties: e643bd26f0fe6173181afceb89e7c659 -> 
  custom:AudioImporter_EditorPlatform: d09bf68614088b80899f8185d706f6e7 -> 
  custom:video-encoder-webm-vp8: eb34c28f22e8b96e1ab97ce403110664 -> 
  custom:audio-decoder-ogg-vorbis: bf7c407c2cedff20999df2af8eb42d56 -> 
  custom:audio-encoder-webm-vorbis: bf7c407c2cedff20999df2af8eb42d56 -> 
========================================================================
Received Prepare
Caller must complete domain reload
Begin MonoManager ReloadAssembly
- Loaded All Assemblies, in  0.410 seconds
Native extension for WindowsStandalone target not found
Native extension for Android target not found
Mono: successfully reloaded assembly
- Finished resetting the current domain, in  0.997 seconds
Domain Reload Profiling: 1400ms
	BeginReloadAssembly (147ms)
		ExecutionOrderSort (0ms)
		DisableScriptedObjects (4ms)
		BackupInstance (0ms)
		ReleaseScriptingObjects (0ms)
		CreateAndSetChildDomain (23ms)
	RebuildCommonClasses (23ms)
	RebuildNativeTypeToScriptingClass (7ms)
	initialDomainReloadingComplete (29ms)
	LoadAllAssembliesAndSetupDomain (196ms)
		LoadAssemblies (279ms)
		RebuildTransferFunctionScriptingTraits (0ms)
		AnalyzeDomain (9ms)
			TypeCache.Refresh (4ms)
				TypeCache.ScanAssembly (0ms)
			ScanForSourceGeneratedMonoScriptInfo (0ms)
			ResolveRequiredComponents (4ms)
	FinalizeReload (998ms)
		ReleaseScriptCaches (0ms)
		RebuildScriptCaches (0ms)
		SetupLoadedEditorAssemblies (329ms)
			LogAssemblyErrors (0ms)
			InitializePlatformSupportModulesInManaged (21ms)
			SetLoadedEditorAssemblies (3ms)
			RefreshPlugins (0ms)
			BeforeProcessingInitializeOnLoad (65ms)
			ProcessInitializeOnLoadAttributes (206ms)
			ProcessInitializeOnLoadMethodAttributes (18ms)
			AfterProcessingInitializeOnLoad (16ms)
			EditorAssembliesLoaded (0ms)
		ExecutionOrderSort2 (0ms)
		AwakeInstancesAfterBackupRestoration (8ms)
Refreshing native plugins compatible for Editor in 6.39 ms, found 3 plugins.
Preloading 0 native plugins for Editor in 0.00 ms.
Unloading 3243 Unused Serialized files (Serialized files now loaded: 0)
Unloading 14 unused Assets / (28.5 KB). Loaded Objects now: 3765.
Memory consumption went from 121.8 MB to 121.8 MB.
Total: 2.526900 ms (FindLiveObjects: 0.221400 ms CreateObjectMapping: 0.048900 ms MarkObjects: 2.218400 ms  DeleteObjects: 0.037200 ms)

Prepare: number of updated asset objects reloaded= 0
AssetImportParameters requested are different than current active one (requested -> active):
  custom:container-demuxer-ogg: 62fdf1f143b41e24485cea50d1cbac27 -> 
  custom:video-codec-MediaFoundation-h265: 746d11721c4dcdbdad8f713fa42b33f4 -> 
  custom:video-decoder-ogg-theora: a1e56fd34408186e4bbccfd4996cb3dc -> 
  custom:framework-win-MediaFoundation: 216162199b28c13a410421893ffa2e32 -> 
  custom:CustomObjectIndexerAttribute: 9a22284fe3817be447336de3de66b15e -> 
  custom:container-demuxer-webm: 4f35f7cbe854078d1ac9338744f61a02 -> 
  custom:container-muxer-webm: aa71ff27fc2769a1b78a27578f13a17b -> 
  custom:video-decoder-webm-vp8: 9c59270c3fd7afecdb556c50c9e8de78 -> 
  custom:SearchIndexIgnoredProperties: e643bd26f0fe6173181afceb89e7c659 -> 
  custom:AudioImporter_EditorPlatform: d09bf68614088b80899f8185d706f6e7 -> 
  custom:video-encoder-webm-vp8: eb34c28f22e8b96e1ab97ce403110664 -> 
  custom:audio-decoder-ogg-vorbis: bf7c407c2cedff20999df2af8eb42d56 -> 
  custom:audio-encoder-webm-vorbis: bf7c407c2cedff20999df2af8eb42d56 -> 
========================================================================
Received Prepare
Caller must complete domain reload
Begin MonoManager ReloadAssembly
- Loaded All Assemblies, in  0.426 seconds
Native extension for WindowsStandalone target not found
Native extension for Android target not found
Mono: successfully reloaded assembly
- Finished resetting the current domain, in  0.951 seconds
Domain Reload Profiling: 1370ms
	BeginReloadAssembly (152ms)
		ExecutionOrderSort (0ms)
		DisableScriptedObjects (3ms)
		BackupInstance (0ms)
		ReleaseScriptingObjects (0ms)
		CreateAndSetChildDomain (23ms)
	RebuildCommonClasses (22ms)
	RebuildNativeTypeToScriptingClass (7ms)
	initialDomainReloadingComplete (31ms)
	LoadAllAssembliesAndSetupDomain (206ms)
		LoadAssemblies (290ms)
		RebuildTransferFunctionScriptingTraits (0ms)
		AnalyzeDomain (8ms)
			TypeCache.Refresh (4ms)
				TypeCache.ScanAssembly (0ms)
			ScanForSourceGeneratedMonoScriptInfo (0ms)
			ResolveRequiredComponents (3ms)
	FinalizeReload (951ms)
		ReleaseScriptCaches (0ms)
		RebuildScriptCaches (0ms)
		SetupLoadedEditorAssemblies (341ms)
			LogAssemblyErrors (0ms)
			InitializePlatformSupportModulesInManaged (20ms)
			SetLoadedEditorAssemblies (3ms)
			RefreshPlugins (0ms)
			BeforeProcessingInitializeOnLoad (71ms)
			ProcessInitializeOnLoadAttributes (209ms)
			ProcessInitializeOnLoadMethodAttributes (18ms)
			AfterProcessingInitializeOnLoad (20ms)
			EditorAssembliesLoaded (0ms)
		ExecutionOrderSort2 (0ms)
		AwakeInstancesAfterBackupRestoration (8ms)
Refreshing native plugins compatible for Editor in 5.63 ms, found 3 plugins.
Preloading 0 native plugins for Editor in 0.00 ms.
Unloading 3243 Unused Serialized files (Serialized files now loaded: 0)
Unloading 14 unused Assets / (28.5 KB). Loaded Objects now: 3769.
Memory consumption went from 121.8 MB to 121.8 MB.
Total: 2.715200 ms (FindLiveObjects: 0.218100 ms CreateObjectMapping: 0.048300 ms MarkObjects: 2.415000 ms  DeleteObjects: 0.033200 ms)

Prepare: number of updated asset objects reloaded= 0
AssetImportParameters requested are different than current active one (requested -> active):
  custom:container-demuxer-ogg: 62fdf1f143b41e24485cea50d1cbac27 -> 
  custom:video-codec-MediaFoundation-h265: 746d11721c4dcdbdad8f713fa42b33f4 -> 
  custom:video-decoder-ogg-theora: a1e56fd34408186e4bbccfd4996cb3dc -> 
  custom:framework-win-MediaFoundation: 216162199b28c13a410421893ffa2e32 -> 
  custom:CustomObjectIndexerAttribute: 9a22284fe3817be447336de3de66b15e -> 
  custom:container-demuxer-webm: 4f35f7cbe854078d1ac9338744f61a02 -> 
  custom:container-muxer-webm: aa71ff27fc2769a1b78a27578f13a17b -> 
  custom:video-decoder-webm-vp8: 9c59270c3fd7afecdb556c50c9e8de78 -> 
  custom:SearchIndexIgnoredProperties: e643bd26f0fe6173181afceb89e7c659 -> 
  custom:AudioImporter_EditorPlatform: d09bf68614088b80899f8185d706f6e7 -> 
  custom:video-encoder-webm-vp8: eb34c28f22e8b96e1ab97ce403110664 -> 
  custom:audio-decoder-ogg-vorbis: bf7c407c2cedff20999df2af8eb42d56 -> 
  custom:audio-encoder-webm-vorbis: bf7c407c2cedff20999df2af8eb42d56 -> 
========================================================================
Received Prepare
Caller must complete domain reload
Begin MonoManager ReloadAssembly
- Loaded All Assemblies, in  0.442 seconds
Native extension for WindowsStandalone target not found
Native extension for Android target not found
Mono: successfully reloaded assembly
- Finished resetting the current domain, in  1.472 seconds
Domain Reload Profiling: 1905ms
	BeginReloadAssembly (137ms)
		ExecutionOrderSort (0ms)
		DisableScriptedObjects (3ms)
		BackupInstance (0ms)
		ReleaseScriptingObjects (0ms)
		CreateAndSetChildDomain (23ms)
	RebuildCommonClasses (27ms)
	RebuildNativeTypeToScriptingClass (7ms)
	initialDomainReloadingComplete (34ms)
	LoadAllAssembliesAndSetupDomain (228ms)
		LoadAssemblies (301ms)
		RebuildTransferFunctionScriptingTraits (0ms)
		AnalyzeDomain (9ms)
			TypeCache.Refresh (4ms)
				TypeCache.ScanAssembly (0ms)
			ScanForSourceGeneratedMonoScriptInfo (0ms)
			ResolveRequiredComponents (3ms)
	FinalizeReload (1472ms)
		ReleaseScriptCaches (0ms)
		RebuildScriptCaches (0ms)
		SetupLoadedEditorAssemblies (323ms)
			LogAssemblyErrors (0ms)
			InitializePlatformSupportModulesInManaged (18ms)
			SetLoadedEditorAssemblies (3ms)
			RefreshPlugins (0ms)
			BeforeProcessingInitializeOnLoad (64ms)
			ProcessInitializeOnLoadAttributes (204ms)
			ProcessInitializeOnLoadMethodAttributes (18ms)
			AfterProcessingInitializeOnLoad (16ms)
			EditorAssembliesLoaded (0ms)
		ExecutionOrderSort2 (0ms)
		AwakeInstancesAfterBackupRestoration (7ms)
Refreshing native plugins compatible for Editor in 8.24 ms, found 3 plugins.
Preloading 0 native plugins for Editor in 0.00 ms.
Unloading 3243 Unused Serialized files (Serialized files now loaded: 0)
Unloading 14 unused Assets / (28.5 KB). Loaded Objects now: 3773.
Memory consumption went from 121.8 MB to 121.8 MB.
Total: 2.769000 ms (FindLiveObjects: 0.289900 ms CreateObjectMapping: 0.141400 ms MarkObjects: 2.298300 ms  DeleteObjects: 0.038300 ms)

Prepare: number of updated asset objects reloaded= 0
AssetImportParameters requested are different than current active one (requested -> active):
  custom:container-demuxer-ogg: 62fdf1f143b41e24485cea50d1cbac27 -> 
  custom:video-codec-MediaFoundation-h265: 746d11721c4dcdbdad8f713fa42b33f4 -> 
  custom:video-decoder-ogg-theora: a1e56fd34408186e4bbccfd4996cb3dc -> 
  custom:framework-win-MediaFoundation: 216162199b28c13a410421893ffa2e32 -> 
  custom:CustomObjectIndexerAttribute: 9a22284fe3817be447336de3de66b15e -> 
  custom:container-demuxer-webm: 4f35f7cbe854078d1ac9338744f61a02 -> 
  custom:container-muxer-webm: aa71ff27fc2769a1b78a27578f13a17b -> 
  custom:video-decoder-webm-vp8: 9c59270c3fd7afecdb556c50c9e8de78 -> 
  custom:SearchIndexIgnoredProperties: e643bd26f0fe6173181afceb89e7c659 -> 
  custom:AudioImporter_EditorPlatform: d09bf68614088b80899f8185d706f6e7 -> 
  custom:video-encoder-webm-vp8: eb34c28f22e8b96e1ab97ce403110664 -> 
  custom:audio-decoder-ogg-vorbis: bf7c407c2cedff20999df2af8eb42d56 -> 
  custom:audio-encoder-webm-vorbis: bf7c407c2cedff20999df2af8eb42d56 -> 
========================================================================
Received Import Request.
  Time since last request: 562.126237 seconds.
  path: Assets/TimeBlock.prefab
  artifactKey: Guid(70f799b7cbc61ca47837ecd6176b1dfc) Importer(815301076,1909f56bfc062723c751e8b465ee728b)
Start importing Assets/TimeBlock.prefab using Guid(70f799b7cbc61ca47837ecd6176b1dfc) Importer(815301076,1909f56bfc062723c751e8b465ee728b) [PhysX] Initialized MultithreadedTaskDispatcher with 16 workers.
 -> (artifact id: '2d902aa698b568be11ca3fcce84d0f05') in 0.034896 seconds
Number of updated asset objects reloaded before import = 0
Number of asset objects unloaded after import = 4
========================================================================
Received Import Request.
  Time since last request: 19.518688 seconds.
  path: Assets/TimeBlock.prefab
  artifactKey: Guid(70f799b7cbc61ca47837ecd6176b1dfc) Importer(815301076,1909f56bfc062723c751e8b465ee728b)
Start importing Assets/TimeBlock.prefab using Guid(70f799b7cbc61ca47837ecd6176b1dfc) Importer(815301076,1909f56bfc062723c751e8b465ee728b) [PhysX] Initialized MultithreadedTaskDispatcher with 16 workers.
 -> (artifact id: '21e08fe7367be27fbbe59e4d33a134cb') in 0.001593 seconds
Number of updated asset objects reloaded before import = 0
Number of asset objects unloaded after import = 5
========================================================================
Received Prepare
Caller must complete domain reload
Begin MonoManager ReloadAssembly
- Loaded All Assemblies, in  0.437 seconds
Native extension for WindowsStandalone target not found
Native extension for Android target not found
Mono: successfully reloaded assembly
- Finished resetting the current domain, in  0.938 seconds
Domain Reload Profiling: 1365ms
	BeginReloadAssembly (143ms)
		ExecutionOrderSort (0ms)
		DisableScriptedObjects (3ms)
		BackupInstance (0ms)
		ReleaseScriptingObjects (0ms)
		CreateAndSetChildDomain (24ms)
	RebuildCommonClasses (22ms)
	RebuildNativeTypeToScriptingClass (7ms)
	initialDomainReloadingComplete (34ms)
	LoadAllAssembliesAndSetupDomain (220ms)
		LoadAssemblies (295ms)
		RebuildTransferFunctionScriptingTraits (0ms)
		AnalyzeDomain (13ms)
			TypeCache.Refresh (5ms)
				TypeCache.ScanAssembly (0ms)
			ScanForSourceGeneratedMonoScriptInfo (4ms)
			ResolveRequiredComponents (3ms)
	FinalizeReload (938ms)
		ReleaseScriptCaches (0ms)
		RebuildScriptCaches (0ms)
		SetupLoadedEditorAssemblies (306ms)
			LogAssemblyErrors (0ms)
			InitializePlatformSupportModulesInManaged (19ms)
			SetLoadedEditorAssemblies (3ms)
			RefreshPlugins (0ms)
			BeforeProcessingInitializeOnLoad (61ms)
			ProcessInitializeOnLoadAttributes (193ms)
			ProcessInitializeOnLoadMethodAttributes (16ms)
			AfterProcessingInitializeOnLoad (13ms)
			EditorAssembliesLoaded (0ms)
		ExecutionOrderSort2 (0ms)
		AwakeInstancesAfterBackupRestoration (7ms)
Refreshing native plugins compatible for Editor in 4.75 ms, found 3 plugins.
Preloading 0 native plugins for Editor in 0.00 ms.
Unloading 3243 Unused Serialized files (Serialized files now loaded: 0)
Unloading 14 unused Assets / (28.5 KB). Loaded Objects now: 3779.
Memory consumption went from 121.6 MB to 121.6 MB.
Total: 2.781000 ms (FindLiveObjects: 0.267100 ms CreateObjectMapping: 0.070900 ms MarkObjects: 2.399200 ms  DeleteObjects: 0.042900 ms)

Prepare: number of updated asset objects reloaded= 0
AssetImportParameters requested are different than current active one (requested -> active):
  custom:container-demuxer-ogg: 62fdf1f143b41e24485cea50d1cbac27 -> 
  custom:video-codec-MediaFoundation-h265: 746d11721c4dcdbdad8f713fa42b33f4 -> 
  custom:video-decoder-ogg-theora: a1e56fd34408186e4bbccfd4996cb3dc -> 
  custom:framework-win-MediaFoundation: 216162199b28c13a410421893ffa2e32 -> 
  custom:CustomObjectIndexerAttribute: 9a22284fe3817be447336de3de66b15e -> 
  custom:container-demuxer-webm: 4f35f7cbe854078d1ac9338744f61a02 -> 
  custom:container-muxer-webm: aa71ff27fc2769a1b78a27578f13a17b -> 
  custom:video-decoder-webm-vp8: 9c59270c3fd7afecdb556c50c9e8de78 -> 
  custom:SearchIndexIgnoredProperties: e643bd26f0fe6173181afceb89e7c659 -> 
  custom:AudioImporter_EditorPlatform: d09bf68614088b80899f8185d706f6e7 -> 
  custom:scripting/monoscript/fileName/TimeBlock.cs: a33730dd345c6d6744687fbbd1d6f3c8 -> 
  custom:video-encoder-webm-vp8: eb34c28f22e8b96e1ab97ce403110664 -> 
  custom:audio-decoder-ogg-vorbis: bf7c407c2cedff20999df2af8eb42d56 -> 
  custom:audio-encoder-webm-vorbis: bf7c407c2cedff20999df2af8eb42d56 -> 
  custom:scripting/precompiled-assembly-types:Assembly-CSharp: 37846a355f6726ef317b522cab72ce92 -> 774ee31bc40a50fac50c9cee90051f6b
========================================================================
Received Import Request.
  Time since last request: 37.929945 seconds.
  path: Assets/TimeBlock.cs
  artifactKey: Guid(9f83ae56c7a005244956c8e858eedb6d) Importer(815301076,1909f56bfc062723c751e8b465ee728b)
Start importing Assets/TimeBlock.cs using Guid(9f83ae56c7a005244956c8e858eedb6d) Importer(815301076,1909f56bfc062723c751e8b465ee728b) [PhysX] Initialized MultithreadedTaskDispatcher with 16 workers.
 -> (artifact id: '0d643d4a14d66ceb07865b5727085ac6') in 0.002324 seconds
Number of updated asset objects reloaded before import = 0
Number of asset objects unloaded after import = 0
========================================================================
Received Import Request.
  Time since last request: 30.125852 seconds.
  path: Assets/TimeBlock.cs
  artifactKey: Guid(9f83ae56c7a005244956c8e858eedb6d) Importer(815301076,1909f56bfc062723c751e8b465ee728b)
Start importing Assets/TimeBlock.cs using Guid(9f83ae56c7a005244956c8e858eedb6d) Importer(815301076,1909f56bfc062723c751e8b465ee728b) [PhysX] Initialized MultithreadedTaskDispatcher with 16 workers.
 -> (artifact id: '6e1c8192d8de4b732de854a96db9f07f') in 0.001399 seconds
Number of updated asset objects reloaded before import = 0
Number of asset objects unloaded after import = 0
========================================================================
Received Import Request.
  Time since last request: 10.531201 seconds.
  path: Assets/GameTime.cs
  artifactKey: Guid(96cba1123b372324abd351ba25c900eb) Importer(815301076,1909f56bfc062723c751e8b465ee728b)
Start importing Assets/GameTime.cs using Guid(96cba1123b372324abd351ba25c900eb) Importer(815301076,1909f56bfc062723c751e8b465ee728b) [PhysX] Initialized MultithreadedTaskDispatcher with 16 workers.
 -> (artifact id: '4b1d4d3d21dafff87cda5e9eb2def806') in 0.001618 seconds
Number of updated asset objects reloaded before import = 0
Number of asset objects unloaded after import = 0
========================================================================
Received Prepare
Caller must complete domain reload
Begin MonoManager ReloadAssembly
- Loaded All Assemblies, in  0.539 seconds
Native extension for WindowsStandalone target not found
Native extension for Android target not found
Mono: successfully reloaded assembly
- Finished resetting the current domain, in  1.611 seconds
Domain Reload Profiling: 2146ms
	BeginReloadAssembly (181ms)
		ExecutionOrderSort (0ms)
		DisableScriptedObjects (3ms)
		BackupInstance (0ms)
		ReleaseScriptingObjects (0ms)
		CreateAndSetChildDomain (32ms)
	RebuildCommonClasses (26ms)
	RebuildNativeTypeToScriptingClass (8ms)
	initialDomainReloadingComplete (37ms)
	LoadAllAssembliesAndSetupDomain (282ms)
		LoadAssemblies (376ms)
		RebuildTransferFunctionScriptingTraits (0ms)
		AnalyzeDomain (20ms)
			TypeCache.Refresh (9ms)
				TypeCache.ScanAssembly (0ms)
			ScanForSourceGeneratedMonoScriptInfo (6ms)
			ResolveRequiredComponents (3ms)
	FinalizeReload (1611ms)
		ReleaseScriptCaches (0ms)
		RebuildScriptCaches (0ms)
		SetupLoadedEditorAssemblies (386ms)
			LogAssemblyErrors (0ms)
			InitializePlatformSupportModulesInManaged (21ms)
			SetLoadedEditorAssemblies (4ms)
			RefreshPlugins (0ms)
			BeforeProcessingInitializeOnLoad (77ms)
			ProcessInitializeOnLoadAttributes (242ms)
			ProcessInitializeOnLoadMethodAttributes (22ms)
			AfterProcessingInitializeOnLoad (21ms)
			EditorAssembliesLoaded (0ms)
		ExecutionOrderSort2 (0ms)
		AwakeInstancesAfterBackupRestoration (9ms)
Refreshing native plugins compatible for Editor in 5.63 ms, found 3 plugins.
Preloading 0 native plugins for Editor in 0.00 ms.
Unloading 3244 Unused Serialized files (Serialized files now loaded: 0)
Unloading 14 unused Assets / (28.5 KB). Loaded Objects now: 3784.
Memory consumption went from 121.6 MB to 121.6 MB.
Total: 4.909700 ms (FindLiveObjects: 0.263700 ms CreateObjectMapping: 0.081700 ms MarkObjects: 4.487600 ms  DeleteObjects: 0.075900 ms)

Prepare: number of updated asset objects reloaded= 0
AssetImportParameters requested are different than current active one (requested -> active):
  custom:container-demuxer-ogg: 62fdf1f143b41e24485cea50d1cbac27 -> 
  custom:video-codec-MediaFoundation-h265: 746d11721c4dcdbdad8f713fa42b33f4 -> 
  custom:video-decoder-ogg-theora: a1e56fd34408186e4bbccfd4996cb3dc -> 
  custom:framework-win-MediaFoundation: 216162199b28c13a410421893ffa2e32 -> 
  custom:scripting/monoscript/fileName/GameTime.cs: 5f16f02791a2cec9842e09d157105dbe -> 
  custom:CustomObjectIndexerAttribute: 9a22284fe3817be447336de3de66b15e -> 
  custom:container-demuxer-webm: 4f35f7cbe854078d1ac9338744f61a02 -> 
  custom:container-muxer-webm: aa71ff27fc2769a1b78a27578f13a17b -> 
  custom:video-decoder-webm-vp8: 9c59270c3fd7afecdb556c50c9e8de78 -> 
  custom:SearchIndexIgnoredProperties: e643bd26f0fe6173181afceb89e7c659 -> 
  custom:AudioImporter_EditorPlatform: d09bf68614088b80899f8185d706f6e7 -> 
  custom:scripting/monoscript/fileName/TimeBlock.cs: a33730dd345c6d6744687fbbd1d6f3c8 -> 
  custom:video-encoder-webm-vp8: eb34c28f22e8b96e1ab97ce403110664 -> 
  custom:audio-decoder-ogg-vorbis: bf7c407c2cedff20999df2af8eb42d56 -> 
  custom:audio-encoder-webm-vorbis: bf7c407c2cedff20999df2af8eb42d56 -> 
  custom:scripting/precompiled-assembly-types:Assembly-CSharp: 5af4db9c6028d8107cdff320d31693fd -> 774ee31bc40a50fac50c9cee90051f6b
========================================================================
Received Import Request.
  Time since last request: 36.974229 seconds.
  path: Assets/TimeBlock.prefab
  artifactKey: Guid(70f799b7cbc61ca47837ecd6176b1dfc) Importer(815301076,1909f56bfc062723c751e8b465ee728b)
Start importing Assets/TimeBlock.prefab using Guid(70f799b7cbc61ca47837ecd6176b1dfc) Importer(815301076,1909f56bfc062723c751e8b465ee728b) [PhysX] Initialized MultithreadedTaskDispatcher with 16 workers.
 -> (artifact id: 'c8349ad1f8ad1a45fa28db2984fa45f0') in 0.033994 seconds
Number of updated asset objects reloaded before import = 0
Number of asset objects unloaded after import = 6
========================================================================
Received Import Request.
  Time since last request: 268.522782 seconds.
  path: Assets/GameTime.cs
  artifactKey: Guid(96cba1123b372324abd351ba25c900eb) Importer(815301076,1909f56bfc062723c751e8b465ee728b)
Start importing Assets/GameTime.cs using Guid(96cba1123b372324abd351ba25c900eb) Importer(815301076,1909f56bfc062723c751e8b465ee728b) [PhysX] Initialized MultithreadedTaskDispatcher with 16 workers.
 -> (artifact id: '10c42c88c6c600bf3abe0f3971d48638') in 0.000664 seconds
Number of updated asset objects reloaded before import = 0
Number of asset objects unloaded after import = 0
========================================================================
Received Prepare
Caller must complete domain reload
Begin MonoManager ReloadAssembly
- Loaded All Assemblies, in  1.437 seconds
Native extension for WindowsStandalone target not found
Native extension for Android target not found
Mono: successfully reloaded assembly
- Finished resetting the current domain, in  1.477 seconds
Domain Reload Profiling: 2912ms
	BeginReloadAssembly (703ms)
		ExecutionOrderSort (0ms)
		DisableScriptedObjects (19ms)
		BackupInstance (0ms)
		ReleaseScriptingObjects (1ms)
		CreateAndSetChildDomain (350ms)
	RebuildCommonClasses (35ms)
	RebuildNativeTypeToScriptingClass (8ms)
	initialDomainReloadingComplete (48ms)
	LoadAllAssembliesAndSetupDomain (641ms)
		LoadAssemblies (833ms)
		RebuildTransferFunctionScriptingTraits (0ms)
		AnalyzeDomain (38ms)
			TypeCache.Refresh (19ms)
				TypeCache.ScanAssembly (1ms)
			ScanForSourceGeneratedMonoScriptInfo (9ms)
			ResolveRequiredComponents (8ms)
	FinalizeReload (1478ms)
		ReleaseScriptCaches (0ms)
		RebuildScriptCaches (0ms)
		SetupLoadedEditorAssemblies (334ms)
			LogAssemblyErrors (0ms)
			InitializePlatformSupportModulesInManaged (22ms)
			SetLoadedEditorAssemblies (4ms)
			RefreshPlugins (0ms)
			BeforeProcessingInitializeOnLoad (62ms)
			ProcessInitializeOnLoadAttributes (215ms)
			ProcessInitializeOnLoadMethodAttributes (17ms)
			AfterProcessingInitializeOnLoad (14ms)
			EditorAssembliesLoaded (0ms)
		ExecutionOrderSort2 (0ms)
		AwakeInstancesAfterBackupRestoration (7ms)
Refreshing native plugins compatible for Editor in 8.21 ms, found 3 plugins.
Preloading 0 native plugins for Editor in 0.00 ms.
Unloading 3244 Unused Serialized files (Serialized files now loaded: 0)
Unloading 14 unused Assets / (28.5 KB). Loaded Objects now: 3788.
Memory consumption went from 121.7 MB to 121.6 MB.
Total: 3.731000 ms (FindLiveObjects: 0.248800 ms CreateObjectMapping: 0.087200 ms MarkObjects: 3.248500 ms  DeleteObjects: 0.145800 ms)

Prepare: number of updated asset objects reloaded= 0
AssetImportParameters requested are different than current active one (requested -> active):
  custom:container-demuxer-ogg: 62fdf1f143b41e24485cea50d1cbac27 -> 
  custom:video-codec-MediaFoundation-h265: 746d11721c4dcdbdad8f713fa42b33f4 -> 
  custom:video-decoder-ogg-theora: a1e56fd34408186e4bbccfd4996cb3dc -> 
  custom:framework-win-MediaFoundation: 216162199b28c13a410421893ffa2e32 -> 
  custom:scripting/monoscript/fileName/GameTime.cs: 5f16f02791a2cec9842e09d157105dbe -> 
  custom:CustomObjectIndexerAttribute: 9a22284fe3817be447336de3de66b15e -> 
  custom:container-demuxer-webm: 4f35f7cbe854078d1ac9338744f61a02 -> 
  custom:container-muxer-webm: aa71ff27fc2769a1b78a27578f13a17b -> 
  custom:video-decoder-webm-vp8: 9c59270c3fd7afecdb556c50c9e8de78 -> 
  custom:SearchIndexIgnoredProperties: e643bd26f0fe6173181afceb89e7c659 -> 
  custom:AudioImporter_EditorPlatform: d09bf68614088b80899f8185d706f6e7 -> 
  custom:scripting/monoscript/fileName/TimeBlock.cs: a33730dd345c6d6744687fbbd1d6f3c8 -> 
  custom:video-encoder-webm-vp8: eb34c28f22e8b96e1ab97ce403110664 -> 
  custom:audio-decoder-ogg-vorbis: bf7c407c2cedff20999df2af8eb42d56 -> 
  custom:audio-encoder-webm-vorbis: bf7c407c2cedff20999df2af8eb42d56 -> 
  custom:scripting/precompiled-assembly-types:Assembly-CSharp: 5af4db9c6028d8107cdff320d31693fd -> 774ee31bc40a50fac50c9cee90051f6b
========================================================================
Received Import Request.
  Time since last request: 323.778398 seconds.
  path: Assets/GameTimer.cs
  artifactKey: Guid(96cba1123b372324abd351ba25c900eb) Importer(815301076,1909f56bfc062723c751e8b465ee728b)
Start importing Assets/GameTimer.cs using Guid(96cba1123b372324abd351ba25c900eb) Importer(815301076,1909f56bfc062723c751e8b465ee728b) [PhysX] Initialized MultithreadedTaskDispatcher with 16 workers.
 -> (artifact id: '16cae5ca99b2a888ec0e2f0375719755') in 0.006621 seconds
Number of updated asset objects reloaded before import = 0
Number of asset objects unloaded after import = 0
========================================================================
Received Prepare
Caller must complete domain reload
Begin MonoManager ReloadAssembly
- Loaded All Assemblies, in  0.579 seconds
Native extension for WindowsStandalone target not found
Native extension for Android target not found
Mono: successfully reloaded assembly
- Finished resetting the current domain, in  1.031 seconds
Domain Reload Profiling: 1597ms
	BeginReloadAssembly (213ms)
		ExecutionOrderSort (0ms)
		DisableScriptedObjects (5ms)
		BackupInstance (0ms)
		ReleaseScriptingObjects (0ms)
		CreateAndSetChildDomain (33ms)
	RebuildCommonClasses (34ms)
	RebuildNativeTypeToScriptingClass (11ms)
	initialDomainReloadingComplete (48ms)
	LoadAllAssembliesAndSetupDomain (259ms)
		LoadAssemblies (375ms)
		RebuildTransferFunctionScriptingTraits (0ms)
		AnalyzeDomain (18ms)
			TypeCache.Refresh (5ms)
				TypeCache.ScanAssembly (0ms)
			ScanForSourceGeneratedMonoScriptInfo (6ms)
			ResolveRequiredComponents (4ms)
	FinalizeReload (1031ms)
		ReleaseScriptCaches (0ms)
		RebuildScriptCaches (0ms)
		SetupLoadedEditorAssemblies (363ms)
			LogAssemblyErrors (0ms)
			InitializePlatformSupportModulesInManaged (21ms)
			SetLoadedEditorAssemblies (3ms)
			RefreshPlugins (0ms)
			BeforeProcessingInitializeOnLoad (68ms)
			ProcessInitializeOnLoadAttributes (235ms)
			ProcessInitializeOnLoadMethodAttributes (21ms)
			AfterProcessingInitializeOnLoad (15ms)
			EditorAssembliesLoaded (0ms)
		ExecutionOrderSort2 (0ms)
		AwakeInstancesAfterBackupRestoration (9ms)
Refreshing native plugins compatible for Editor in 5.82 ms, found 3 plugins.
Preloading 0 native plugins for Editor in 0.00 ms.
Unloading 3244 Unused Serialized files (Serialized files now loaded: 0)
Unloading 14 unused Assets / (28.5 KB). Loaded Objects now: 3792.
Memory consumption went from 121.7 MB to 121.6 MB.
Total: 3.627200 ms (FindLiveObjects: 0.466800 ms CreateObjectMapping: 0.182200 ms MarkObjects: 2.918100 ms  DeleteObjects: 0.058900 ms)

Prepare: number of updated asset objects reloaded= 0
AssetImportParameters requested are different than current active one (requested -> active):
  custom:container-demuxer-ogg: 62fdf1f143b41e24485cea50d1cbac27 -> 
  custom:scripting/monoscript/fileName/GameTimer.cs: 5f16f02791a2cec9842e09d157105dbe -> 
  custom:video-codec-MediaFoundation-h265: 746d11721c4dcdbdad8f713fa42b33f4 -> 
  custom:video-decoder-ogg-theora: a1e56fd34408186e4bbccfd4996cb3dc -> 
  custom:framework-win-MediaFoundation: 216162199b28c13a410421893ffa2e32 -> 
  custom:scripting/monoscript/fileName/GameTime.cs: 5f16f02791a2cec9842e09d157105dbe -> 
  custom:CustomObjectIndexerAttribute: 9a22284fe3817be447336de3de66b15e -> 
  custom:container-demuxer-webm: 4f35f7cbe854078d1ac9338744f61a02 -> 
  custom:container-muxer-webm: aa71ff27fc2769a1b78a27578f13a17b -> 
  custom:video-decoder-webm-vp8: 9c59270c3fd7afecdb556c50c9e8de78 -> 
  custom:SearchIndexIgnoredProperties: e643bd26f0fe6173181afceb89e7c659 -> 
  custom:AudioImporter_EditorPlatform: d09bf68614088b80899f8185d706f6e7 -> 
  custom:scripting/monoscript/fileName/TimeBlock.cs: a33730dd345c6d6744687fbbd1d6f3c8 -> 
  custom:video-encoder-webm-vp8: eb34c28f22e8b96e1ab97ce403110664 -> 
  custom:audio-decoder-ogg-vorbis: bf7c407c2cedff20999df2af8eb42d56 -> 
  custom:audio-encoder-webm-vorbis: bf7c407c2cedff20999df2af8eb42d56 -> 
  custom:scripting/precompiled-assembly-types:Assembly-CSharp: d4be3c601a2dfffc685d577fbd87d57a -> 774ee31bc40a50fac50c9cee90051f6b
========================================================================
Received Import Request.
  Time since last request: 5.237405 seconds.
  path: Assets/GameTimer.cs
  artifactKey: Guid(96cba1123b372324abd351ba25c900eb) Importer(815301076,1909f56bfc062723c751e8b465ee728b)
Start importing Assets/GameTimer.cs using Guid(96cba1123b372324abd351ba25c900eb) Importer(815301076,1909f56bfc062723c751e8b465ee728b) [PhysX] Initialized MultithreadedTaskDispatcher with 16 workers.
 -> (artifact id: 'af01554b3782cc59d74cdbfc74a18f49') in 0.003678 seconds
Number of updated asset objects reloaded before import = 0
Number of asset objects unloaded after import = 0
========================================================================
Received Prepare
Caller must complete domain reload
Begin MonoManager ReloadAssembly
- Loaded All Assemblies, in  0.565 seconds
Native extension for WindowsStandalone target not found
Native extension for Android target not found
Mono: successfully reloaded assembly
- Finished resetting the current domain, in  1.039 seconds
Domain Reload Profiling: 1594ms
	BeginReloadAssembly (184ms)
		ExecutionOrderSort (0ms)
		DisableScriptedObjects (5ms)
		BackupInstance (0ms)
		ReleaseScriptingObjects (0ms)
		CreateAndSetChildDomain (33ms)
	RebuildCommonClasses (28ms)
	RebuildNativeTypeToScriptingClass (9ms)
	initialDomainReloadingComplete (42ms)
	LoadAllAssembliesAndSetupDomain (291ms)
		LoadAssemblies (387ms)
		RebuildTransferFunctionScriptingTraits (0ms)
		AnalyzeDomain (19ms)
			TypeCache.Refresh (7ms)
				TypeCache.ScanAssembly (0ms)
			ScanForSourceGeneratedMonoScriptInfo (6ms)
			ResolveRequiredComponents (4ms)
	FinalizeReload (1040ms)
		ReleaseScriptCaches (0ms)
		RebuildScriptCaches (0ms)
		SetupLoadedEditorAssemblies (337ms)
			LogAssemblyErrors (0ms)
			InitializePlatformSupportModulesInManaged (20ms)
			SetLoadedEditorAssemblies (5ms)
			RefreshPlugins (0ms)
			BeforeProcessingInitializeOnLoad (64ms)
			ProcessInitializeOnLoadAttributes (220ms)
			ProcessInitializeOnLoadMethodAttributes (16ms)
			AfterProcessingInitializeOnLoad (12ms)
			EditorAssembliesLoaded (0ms)
		ExecutionOrderSort2 (0ms)
		AwakeInstancesAfterBackupRestoration (7ms)
Refreshing native plugins compatible for Editor in 5.35 ms, found 3 plugins.
Preloading 0 native plugins for Editor in 0.00 ms.
Unloading 3244 Unused Serialized files (Serialized files now loaded: 0)
Unloading 14 unused Assets / (28.5 KB). Loaded Objects now: 3796.
Memory consumption went from 121.7 MB to 121.6 MB.
Total: 3.086600 ms (FindLiveObjects: 0.321200 ms CreateObjectMapping: 0.080800 ms MarkObjects: 2.627600 ms  DeleteObjects: 0.056300 ms)

Prepare: number of updated asset objects reloaded= 0
AssetImportParameters requested are different than current active one (requested -> active):
  custom:container-demuxer-ogg: 62fdf1f143b41e24485cea50d1cbac27 -> 
  custom:scripting/monoscript/fileName/GameTimer.cs: 5f16f02791a2cec9842e09d157105dbe -> 
  custom:video-codec-MediaFoundation-h265: 746d11721c4dcdbdad8f713fa42b33f4 -> 
  custom:video-decoder-ogg-theora: a1e56fd34408186e4bbccfd4996cb3dc -> 
  custom:framework-win-MediaFoundation: 216162199b28c13a410421893ffa2e32 -> 
  custom:scripting/monoscript/fileName/GameTime.cs: 5f16f02791a2cec9842e09d157105dbe -> 
  custom:CustomObjectIndexerAttribute: 9a22284fe3817be447336de3de66b15e -> 
  custom:container-demuxer-webm: 4f35f7cbe854078d1ac9338744f61a02 -> 
  custom:container-muxer-webm: aa71ff27fc2769a1b78a27578f13a17b -> 
  custom:video-decoder-webm-vp8: 9c59270c3fd7afecdb556c50c9e8de78 -> 
  custom:SearchIndexIgnoredProperties: e643bd26f0fe6173181afceb89e7c659 -> 
  custom:AudioImporter_EditorPlatform: d09bf68614088b80899f8185d706f6e7 -> 
  custom:scripting/monoscript/fileName/TimeBlock.cs: a33730dd345c6d6744687fbbd1d6f3c8 -> 
  custom:video-encoder-webm-vp8: eb34c28f22e8b96e1ab97ce403110664 -> 
  custom:audio-decoder-ogg-vorbis: bf7c407c2cedff20999df2af8eb42d56 -> 
  custom:audio-encoder-webm-vorbis: bf7c407c2cedff20999df2af8eb42d56 -> 
  custom:scripting/precompiled-assembly-types:Assembly-CSharp: d4be3c601a2dfffc685d577fbd87d57a -> 774ee31bc40a50fac50c9cee90051f6b
========================================================================
Received Prepare
Caller must complete domain reload
Begin MonoManager ReloadAssembly
- Loaded All Assemblies, in  0.406 seconds
Native extension for WindowsStandalone target not found
Native extension for Android target not found
Mono: successfully reloaded assembly
- Finished resetting the current domain, in  0.958 seconds
Domain Reload Profiling: 1356ms
	BeginReloadAssembly (147ms)
		ExecutionOrderSort (0ms)
		DisableScriptedObjects (3ms)
		BackupInstance (0ms)
		ReleaseScriptingObjects (0ms)
		CreateAndSetChildDomain (26ms)
	RebuildCommonClasses (23ms)
	RebuildNativeTypeToScriptingClass (7ms)
	initialDomainReloadingComplete (29ms)
	LoadAllAssembliesAndSetupDomain (193ms)
		LoadAssemblies (274ms)
		RebuildTransferFunctionScriptingTraits (0ms)
		AnalyzeDomain (8ms)
			TypeCache.Refresh (4ms)
				TypeCache.ScanAssembly (0ms)
			ScanForSourceGeneratedMonoScriptInfo (0ms)
			ResolveRequiredComponents (3ms)
	FinalizeReload (958ms)
		ReleaseScriptCaches (0ms)
		RebuildScriptCaches (0ms)
		SetupLoadedEditorAssemblies (328ms)
			LogAssemblyErrors (0ms)
			InitializePlatformSupportModulesInManaged (20ms)
			SetLoadedEditorAssemblies (3ms)
			RefreshPlugins (0ms)
			BeforeProcessingInitializeOnLoad (64ms)
			ProcessInitializeOnLoadAttributes (206ms)
			ProcessInitializeOnLoadMethodAttributes (18ms)
			AfterProcessingInitializeOnLoad (16ms)
			EditorAssembliesLoaded (0ms)
		ExecutionOrderSort2 (0ms)
		AwakeInstancesAfterBackupRestoration (7ms)
Refreshing native plugins compatible for Editor in 5.52 ms, found 3 plugins.
Preloading 0 native plugins for Editor in 0.00 ms.
Unloading 3245 Unused Serialized files (Serialized files now loaded: 0)
Unloading 14 unused Assets / (28.5 KB). Loaded Objects now: 3800.
Memory consumption went from 121.9 MB to 121.9 MB.
Total: 2.796700 ms (FindLiveObjects: 0.276100 ms CreateObjectMapping: 0.050600 ms MarkObjects: 2.433100 ms  DeleteObjects: 0.035900 ms)

Prepare: number of updated asset objects reloaded= 0
AssetImportParameters requested are different than current active one (requested -> active):
  custom:container-demuxer-ogg: 62fdf1f143b41e24485cea50d1cbac27 -> 
  custom:scripting/monoscript/fileName/GameTimer.cs: 5f16f02791a2cec9842e09d157105dbe -> 
  custom:video-codec-MediaFoundation-h265: 746d11721c4dcdbdad8f713fa42b33f4 -> 
  custom:video-decoder-ogg-theora: a1e56fd34408186e4bbccfd4996cb3dc -> 
  custom:framework-win-MediaFoundation: 216162199b28c13a410421893ffa2e32 -> 
  custom:scripting/monoscript/fileName/GameTime.cs: 5f16f02791a2cec9842e09d157105dbe -> 
  custom:CustomObjectIndexerAttribute: 9a22284fe3817be447336de3de66b15e -> 
  custom:container-demuxer-webm: 4f35f7cbe854078d1ac9338744f61a02 -> 
  custom:container-muxer-webm: aa71ff27fc2769a1b78a27578f13a17b -> 
  custom:video-decoder-webm-vp8: 9c59270c3fd7afecdb556c50c9e8de78 -> 
  custom:SearchIndexIgnoredProperties: e643bd26f0fe6173181afceb89e7c659 -> 
  custom:AudioImporter_EditorPlatform: d09bf68614088b80899f8185d706f6e7 -> 
  custom:scripting/monoscript/fileName/TimeBlock.cs: a33730dd345c6d6744687fbbd1d6f3c8 -> 
  custom:video-encoder-webm-vp8: eb34c28f22e8b96e1ab97ce403110664 -> 
  custom:audio-decoder-ogg-vorbis: bf7c407c2cedff20999df2af8eb42d56 -> 
  custom:audio-encoder-webm-vorbis: bf7c407c2cedff20999df2af8eb42d56 -> 
  custom:scripting/precompiled-assembly-types:Assembly-CSharp: d4be3c601a2dfffc685d577fbd87d57a -> 774ee31bc40a50fac50c9cee90051f6b
========================================================================
Received Prepare
Caller must complete domain reload
Begin MonoManager ReloadAssembly
- Loaded All Assemblies, in  0.427 seconds
Native extension for WindowsStandalone target not found
Native extension for Android target not found
Mono: successfully reloaded assembly
- Finished resetting the current domain, in  1.051 seconds
Domain Reload Profiling: 1472ms
	BeginReloadAssembly (149ms)
		ExecutionOrderSort (0ms)
		DisableScriptedObjects (3ms)
		BackupInstance (0ms)
		ReleaseScriptingObjects (0ms)
		CreateAndSetChildDomain (28ms)
	RebuildCommonClasses (22ms)
	RebuildNativeTypeToScriptingClass (7ms)
	initialDomainReloadingComplete (31ms)
	LoadAllAssembliesAndSetupDomain (212ms)
		LoadAssemblies (291ms)
		RebuildTransferFunctionScriptingTraits (0ms)
		AnalyzeDomain (8ms)
			TypeCache.Refresh (3ms)
				TypeCache.ScanAssembly (0ms)
			ScanForSourceGeneratedMonoScriptInfo (0ms)
			ResolveRequiredComponents (3ms)
	FinalizeReload (1052ms)
		ReleaseScriptCaches (0ms)
		RebuildScriptCaches (0ms)
		SetupLoadedEditorAssemblies (337ms)
			LogAssemblyErrors (0ms)
			InitializePlatformSupportModulesInManaged (23ms)
			SetLoadedEditorAssemblies (4ms)
			RefreshPlugins (0ms)
			BeforeProcessingInitializeOnLoad (73ms)
			ProcessInitializeOnLoadAttributes (202ms)
			ProcessInitializeOnLoadMethodAttributes (18ms)
			AfterProcessingInitializeOnLoad (17ms)
			EditorAssembliesLoaded (0ms)
		ExecutionOrderSort2 (0ms)
		AwakeInstancesAfterBackupRestoration (9ms)
Refreshing native plugins compatible for Editor in 5.47 ms, found 3 plugins.
Preloading 0 native plugins for Editor in 0.00 ms.
Unloading 3245 Unused Serialized files (Serialized files now loaded: 0)
Unloading 14 unused Assets / (28.5 KB). Loaded Objects now: 3804.
Memory consumption went from 121.9 MB to 121.9 MB.
Total: 2.627800 ms (FindLiveObjects: 0.275400 ms CreateObjectMapping: 0.050600 ms MarkObjects: 2.269200 ms  DeleteObjects: 0.032100 ms)

Prepare: number of updated asset objects reloaded= 0
AssetImportParameters requested are different than current active one (requested -> active):
  custom:container-demuxer-ogg: 62fdf1f143b41e24485cea50d1cbac27 -> 
  custom:scripting/monoscript/fileName/GameTimer.cs: 5f16f02791a2cec9842e09d157105dbe -> 
  custom:video-codec-MediaFoundation-h265: 746d11721c4dcdbdad8f713fa42b33f4 -> 
  custom:video-decoder-ogg-theora: a1e56fd34408186e4bbccfd4996cb3dc -> 
  custom:framework-win-MediaFoundation: 216162199b28c13a410421893ffa2e32 -> 
  custom:scripting/monoscript/fileName/GameTime.cs: 5f16f02791a2cec9842e09d157105dbe -> 
  custom:CustomObjectIndexerAttribute: 9a22284fe3817be447336de3de66b15e -> 
  custom:container-demuxer-webm: 4f35f7cbe854078d1ac9338744f61a02 -> 
  custom:container-muxer-webm: aa71ff27fc2769a1b78a27578f13a17b -> 
  custom:video-decoder-webm-vp8: 9c59270c3fd7afecdb556c50c9e8de78 -> 
  custom:SearchIndexIgnoredProperties: e643bd26f0fe6173181afceb89e7c659 -> 
  custom:AudioImporter_EditorPlatform: d09bf68614088b80899f8185d706f6e7 -> 
  custom:scripting/monoscript/fileName/TimeBlock.cs: a33730dd345c6d6744687fbbd1d6f3c8 -> 
  custom:video-encoder-webm-vp8: eb34c28f22e8b96e1ab97ce403110664 -> 
  custom:audio-decoder-ogg-vorbis: bf7c407c2cedff20999df2af8eb42d56 -> 
  custom:audio-encoder-webm-vorbis: bf7c407c2cedff20999df2af8eb42d56 -> 
  custom:scripting/precompiled-assembly-types:Assembly-CSharp: d4be3c601a2dfffc685d577fbd87d57a -> 774ee31bc40a50fac50c9cee90051f6b
========================================================================
Received Prepare
Caller must complete domain reload
Begin MonoManager ReloadAssembly
- Loaded All Assemblies, in  0.454 seconds
Native extension for WindowsStandalone target not found
Native extension for Android target not found
Mono: successfully reloaded assembly
- Finished resetting the current domain, in  0.942 seconds
Domain Reload Profiling: 1391ms
	BeginReloadAssembly (149ms)
		ExecutionOrderSort (0ms)
		DisableScriptedObjects (3ms)
		BackupInstance (0ms)
		ReleaseScriptingObjects (0ms)
		CreateAndSetChildDomain (22ms)
	RebuildCommonClasses (21ms)
	RebuildNativeTypeToScriptingClass (7ms)
	initialDomainReloadingComplete (32ms)
	LoadAllAssembliesAndSetupDomain (239ms)
		LoadAssemblies (324ms)
		RebuildTransferFunctionScriptingTraits (0ms)
		AnalyzeDomain (9ms)
			TypeCache.Refresh (4ms)
				TypeCache.ScanAssembly (0ms)
			ScanForSourceGeneratedMonoScriptInfo (0ms)
			ResolveRequiredComponents (4ms)
	FinalizeReload (943ms)
		ReleaseScriptCaches (0ms)
		RebuildScriptCaches (0ms)
		SetupLoadedEditorAssemblies (322ms)
			LogAssemblyErrors (0ms)
			InitializePlatformSupportModulesInManaged (18ms)
			SetLoadedEditorAssemblies (3ms)
			RefreshPlugins (0ms)
			BeforeProcessingInitializeOnLoad (58ms)
			ProcessInitializeOnLoadAttributes (209ms)
			ProcessInitializeOnLoadMethodAttributes (21ms)
			AfterProcessingInitializeOnLoad (13ms)
			EditorAssembliesLoaded (0ms)
		ExecutionOrderSort2 (0ms)
		AwakeInstancesAfterBackupRestoration (7ms)
Refreshing native plugins compatible for Editor in 5.39 ms, found 3 plugins.
Preloading 0 native plugins for Editor in 0.00 ms.
Unloading 3245 Unused Serialized files (Serialized files now loaded: 0)
Unloading 14 unused Assets / (28.5 KB). Loaded Objects now: 3808.
Memory consumption went from 121.9 MB to 121.9 MB.
Total: 2.600000 ms (FindLiveObjects: 0.233600 ms CreateObjectMapping: 0.096600 ms MarkObjects: 2.236700 ms  DeleteObjects: 0.032500 ms)

Prepare: number of updated asset objects reloaded= 0
AssetImportParameters requested are different than current active one (requested -> active):
  custom:container-demuxer-ogg: 62fdf1f143b41e24485cea50d1cbac27 -> 
  custom:scripting/monoscript/fileName/GameTimer.cs: 5f16f02791a2cec9842e09d157105dbe -> 
  custom:video-codec-MediaFoundation-h265: 746d11721c4dcdbdad8f713fa42b33f4 -> 
  custom:video-decoder-ogg-theora: a1e56fd34408186e4bbccfd4996cb3dc -> 
  custom:framework-win-MediaFoundation: 216162199b28c13a410421893ffa2e32 -> 
  custom:scripting/monoscript/fileName/GameTime.cs: 5f16f02791a2cec9842e09d157105dbe -> 
  custom:CustomObjectIndexerAttribute: 9a22284fe3817be447336de3de66b15e -> 
  custom:container-demuxer-webm: 4f35f7cbe854078d1ac9338744f61a02 -> 
  custom:container-muxer-webm: aa71ff27fc2769a1b78a27578f13a17b -> 
  custom:video-decoder-webm-vp8: 9c59270c3fd7afecdb556c50c9e8de78 -> 
  custom:SearchIndexIgnoredProperties: e643bd26f0fe6173181afceb89e7c659 -> 
  custom:AudioImporter_EditorPlatform: d09bf68614088b80899f8185d706f6e7 -> 
  custom:scripting/monoscript/fileName/TimeBlock.cs: a33730dd345c6d6744687fbbd1d6f3c8 -> 
  custom:video-encoder-webm-vp8: eb34c28f22e8b96e1ab97ce403110664 -> 
  custom:audio-decoder-ogg-vorbis: bf7c407c2cedff20999df2af8eb42d56 -> 
  custom:audio-encoder-webm-vorbis: bf7c407c2cedff20999df2af8eb42d56 -> 
  custom:scripting/precompiled-assembly-types:Assembly-CSharp: d4be3c601a2dfffc685d577fbd87d57a -> 774ee31bc40a50fac50c9cee90051f6b
========================================================================
Received Prepare
Caller must complete domain reload
Begin MonoManager ReloadAssembly
- Loaded All Assemblies, in  0.450 seconds
Native extension for WindowsStandalone target not found
Native extension for Android target not found
Mono: successfully reloaded assembly
- Finished resetting the current domain, in  1.295 seconds
Domain Reload Profiling: 1735ms
	BeginReloadAssembly (147ms)
		ExecutionOrderSort (0ms)
		DisableScriptedObjects (3ms)
		BackupInstance (0ms)
		ReleaseScriptingObjects (0ms)
		CreateAndSetChildDomain (24ms)
	RebuildCommonClasses (23ms)
	RebuildNativeTypeToScriptingClass (8ms)
	initialDomainReloadingComplete (32ms)
	LoadAllAssembliesAndSetupDomain (230ms)
		LoadAssemblies (305ms)
		RebuildTransferFunctionScriptingTraits (0ms)
		AnalyzeDomain (16ms)
			TypeCache.Refresh (6ms)
				TypeCache.ScanAssembly (0ms)
			ScanForSourceGeneratedMonoScriptInfo (6ms)
			ResolveRequiredComponents (3ms)
	FinalizeReload (1295ms)
		ReleaseScriptCaches (0ms)
		RebuildScriptCaches (0ms)
		SetupLoadedEditorAssemblies (281ms)
			LogAssemblyErrors (0ms)
			InitializePlatformSupportModulesInManaged (18ms)
			SetLoadedEditorAssemblies (3ms)
			RefreshPlugins (0ms)
			BeforeProcessingInitializeOnLoad (56ms)
			ProcessInitializeOnLoadAttributes (178ms)
			ProcessInitializeOnLoadMethodAttributes (15ms)
			AfterProcessingInitializeOnLoad (13ms)
			EditorAssembliesLoaded (0ms)
		ExecutionOrderSort2 (0ms)
		AwakeInstancesAfterBackupRestoration (5ms)
Refreshing native plugins compatible for Editor in 7.70 ms, found 3 plugins.
Preloading 0 native plugins for Editor in 0.00 ms.
Unloading 3245 Unused Serialized files (Serialized files now loaded: 0)
Unloading 14 unused Assets / (28.6 KB). Loaded Objects now: 3812.
Memory consumption went from 121.9 MB to 121.9 MB.
Total: 2.366900 ms (FindLiveObjects: 0.222400 ms CreateObjectMapping: 0.070000 ms MarkObjects: 2.041600 ms  DeleteObjects: 0.032500 ms)

Prepare: number of updated asset objects reloaded= 0
AssetImportParameters requested are different than current active one (requested -> active):
  custom:container-demuxer-ogg: 62fdf1f143b41e24485cea50d1cbac27 -> 
  custom:scripting/monoscript/fileName/GameTimer.cs: 5f16f02791a2cec9842e09d157105dbe -> 
  custom:video-codec-MediaFoundation-h265: 746d11721c4dcdbdad8f713fa42b33f4 -> 
  custom:video-decoder-ogg-theora: a1e56fd34408186e4bbccfd4996cb3dc -> 
  custom:framework-win-MediaFoundation: 216162199b28c13a410421893ffa2e32 -> 
  custom:scripting/monoscript/fileName/GameTime.cs: 5f16f02791a2cec9842e09d157105dbe -> 
  custom:CustomObjectIndexerAttribute: 9a22284fe3817be447336de3de66b15e -> 
  custom:container-demuxer-webm: 4f35f7cbe854078d1ac9338744f61a02 -> 
  custom:container-muxer-webm: aa71ff27fc2769a1b78a27578f13a17b -> 
  custom:video-decoder-webm-vp8: 9c59270c3fd7afecdb556c50c9e8de78 -> 
  custom:SearchIndexIgnoredProperties: e643bd26f0fe6173181afceb89e7c659 -> 
  custom:AudioImporter_EditorPlatform: d09bf68614088b80899f8185d706f6e7 -> 
  custom:scripting/monoscript/fileName/TimeBlock.cs: a33730dd345c6d6744687fbbd1d6f3c8 -> 
  custom:video-encoder-webm-vp8: eb34c28f22e8b96e1ab97ce403110664 -> 
  custom:audio-decoder-ogg-vorbis: bf7c407c2cedff20999df2af8eb42d56 -> 
  custom:audio-encoder-webm-vorbis: bf7c407c2cedff20999df2af8eb42d56 -> 
  custom:scripting/precompiled-assembly-types:Assembly-CSharp: d4be3c601a2dfffc685d577fbd87d57a -> 774ee31bc40a50fac50c9cee90051f6b
========================================================================
Received Prepare
Caller must complete domain reload
Begin MonoManager ReloadAssembly
- Loaded All Assemblies, in  0.421 seconds
Native extension for WindowsStandalone target not found
Native extension for Android target not found
Mono: successfully reloaded assembly
- Finished resetting the current domain, in  1.057 seconds
Domain Reload Profiling: 1469ms
	BeginReloadAssembly (142ms)
		ExecutionOrderSort (0ms)
		DisableScriptedObjects (4ms)
		BackupInstance (0ms)
		ReleaseScriptingObjects (0ms)
		CreateAndSetChildDomain (24ms)
	RebuildCommonClasses (22ms)
	RebuildNativeTypeToScriptingClass (7ms)
	initialDomainReloadingComplete (30ms)
	LoadAllAssembliesAndSetupDomain (210ms)
		LoadAssemblies (288ms)
		RebuildTransferFunctionScriptingTraits (0ms)
		AnalyzeDomain (8ms)
			TypeCache.Refresh (4ms)
				TypeCache.ScanAssembly (0ms)
			ScanForSourceGeneratedMonoScriptInfo (0ms)
			ResolveRequiredComponents (3ms)
	FinalizeReload (1058ms)
		ReleaseScriptCaches (0ms)
		RebuildScriptCaches (0ms)
		SetupLoadedEditorAssemblies (333ms)
			LogAssemblyErrors (0ms)
			InitializePlatformSupportModulesInManaged (21ms)
			SetLoadedEditorAssemblies (3ms)
			RefreshPlugins (0ms)
			BeforeProcessingInitializeOnLoad (65ms)
			ProcessInitializeOnLoadAttributes (209ms)
			ProcessInitializeOnLoadMethodAttributes (17ms)
			AfterProcessingInitializeOnLoad (19ms)
			EditorAssembliesLoaded (0ms)
		ExecutionOrderSort2 (0ms)
		AwakeInstancesAfterBackupRestoration (9ms)
Refreshing native plugins compatible for Editor in 6.88 ms, found 3 plugins.
Preloading 0 native plugins for Editor in 0.00 ms.
Unloading 3245 Unused Serialized files (Serialized files now loaded: 0)
Unloading 14 unused Assets / (28.6 KB). Loaded Objects now: 3816.
Memory consumption went from 122.0 MB to 121.9 MB.
Total: 2.678900 ms (FindLiveObjects: 0.260100 ms CreateObjectMapping: 0.077800 ms MarkObjects: 2.305700 ms  DeleteObjects: 0.034500 ms)

Prepare: number of updated asset objects reloaded= 0
AssetImportParameters requested are different than current active one (requested -> active):
  custom:container-demuxer-ogg: 62fdf1f143b41e24485cea50d1cbac27 -> 
  custom:scripting/monoscript/fileName/GameTimer.cs: 5f16f02791a2cec9842e09d157105dbe -> 
  custom:video-codec-MediaFoundation-h265: 746d11721c4dcdbdad8f713fa42b33f4 -> 
  custom:video-decoder-ogg-theora: a1e56fd34408186e4bbccfd4996cb3dc -> 
  custom:framework-win-MediaFoundation: 216162199b28c13a410421893ffa2e32 -> 
  custom:scripting/monoscript/fileName/GameTime.cs: 5f16f02791a2cec9842e09d157105dbe -> 
  custom:CustomObjectIndexerAttribute: 9a22284fe3817be447336de3de66b15e -> 
  custom:container-demuxer-webm: 4f35f7cbe854078d1ac9338744f61a02 -> 
  custom:container-muxer-webm: aa71ff27fc2769a1b78a27578f13a17b -> 
  custom:video-decoder-webm-vp8: 9c59270c3fd7afecdb556c50c9e8de78 -> 
  custom:SearchIndexIgnoredProperties: e643bd26f0fe6173181afceb89e7c659 -> 
  custom:AudioImporter_EditorPlatform: d09bf68614088b80899f8185d706f6e7 -> 
  custom:scripting/monoscript/fileName/TimeBlock.cs: a33730dd345c6d6744687fbbd1d6f3c8 -> 
  custom:video-encoder-webm-vp8: eb34c28f22e8b96e1ab97ce403110664 -> 
  custom:audio-decoder-ogg-vorbis: bf7c407c2cedff20999df2af8eb42d56 -> 
  custom:audio-encoder-webm-vorbis: bf7c407c2cedff20999df2af8eb42d56 -> 
  custom:scripting/precompiled-assembly-types:Assembly-CSharp: d4be3c601a2dfffc685d577fbd87d57a -> 774ee31bc40a50fac50c9cee90051f6b
========================================================================
Received Import Request.
  Time since last request: 798.496005 seconds.
  path: Assets/PixelAssets/Time Clock/textures/Clock-Texture.png
  artifactKey: Guid(8dbc525c148858644b7b784dfc5085dd) Importer(815301076,1909f56bfc062723c751e8b465ee728b)
Start importing Assets/PixelAssets/Time Clock/textures/Clock-Texture.png using Guid(8dbc525c148858644b7b784dfc5085dd) Importer(815301076,1909f56bfc062723c751e8b465ee728b) [PhysX] Initialized MultithreadedTaskDispatcher with 16 workers.
[PhysX] Initialized MultithreadedTaskDispatcher with 16 workers.
 -> (artifact id: '58cb34516ed32ece937c86d9287bfed1') in 0.875437 seconds
Number of updated asset objects reloaded before import = 0
Number of asset objects unloaded after import = 2
========================================================================
Received Import Request.
  Time since last request: 97.998713 seconds.
  path: Assets/PixelAssets/blend/blend/Clock.dae
  artifactKey: Guid(33b16f8778192894593182da3f249e24) Importer(815301076,1909f56bfc062723c751e8b465ee728b)
Start importing Assets/PixelAssets/blend/blend/Clock.dae using Guid(33b16f8778192894593182da3f249e24) Importer(815301076,1909f56bfc062723c751e8b465ee728b) [PhysX] Initialized MultithreadedTaskDispatcher with 16 workers.
[PhysX] Initialized MultithreadedTaskDispatcher with 16 workers.
[PhysX] Initialized MultithreadedTaskDispatcher with 16 workers.
[PhysX] Initialized MultithreadedTaskDispatcher with 16 workers.
[PhysX] Initialized MultithreadedTaskDispatcher with 16 workers.
[PhysX] Initialized MultithreadedTaskDispatcher with 16 workers.
 -> (artifact id: '2322b0b42caf1e4e14968224ecd66bce') in 0.307923 seconds
Number of updated asset objects reloaded before import = 0
Number of asset objects unloaded after import = 11
========================================================================
Received Import Request.
  Time since last request: 41.582763 seconds.
  path: Assets/PixelAssets/blend/Clock.dae
  artifactKey: Guid(4402c19fe5090d54787c220b7ef8211d) Importer(815301076,1909f56bfc062723c751e8b465ee728b)
Start importing Assets/PixelAssets/blend/Clock.dae using Guid(4402c19fe5090d54787c220b7ef8211d) Importer(815301076,1909f56bfc062723c751e8b465ee728b) [PhysX] Initialized MultithreadedTaskDispatcher with 16 workers.
[PhysX] Initialized MultithreadedTaskDispatcher with 16 workers.
[PhysX] Initialized MultithreadedTaskDispatcher with 16 workers.
[PhysX] Initialized MultithreadedTaskDispatcher with 16 workers.
[PhysX] Initialized MultithreadedTaskDispatcher with 16 workers.
[PhysX] Initialized MultithreadedTaskDispatcher with 16 workers.
 -> (artifact id: '2e53a67f398f48c5d305dbde99e4e32c') in 0.028307 seconds
Number of updated asset objects reloaded before import = 0
Number of asset objects unloaded after import = 11
========================================================================
Received Prepare
Caller must complete domain reload
Begin MonoManager ReloadAssembly
- Loaded All Assemblies, in  1.052 seconds
Native extension for WindowsStandalone target not found
Native extension for Android target not found
Mono: successfully reloaded assembly
- Finished resetting the current domain, in  1.658 seconds
Domain Reload Profiling: 2708ms
	BeginReloadAssembly (476ms)
		ExecutionOrderSort (0ms)
		DisableScriptedObjects (18ms)
		BackupInstance (0ms)
		ReleaseScriptingObjects (1ms)
		CreateAndSetChildDomain (229ms)
	RebuildCommonClasses (30ms)
	RebuildNativeTypeToScriptingClass (8ms)
	initialDomainReloadingComplete (40ms)
	LoadAllAssembliesAndSetupDomain (495ms)
		LoadAssemblies (626ms)
		RebuildTransferFunctionScriptingTraits (0ms)
		AnalyzeDomain (22ms)
			TypeCache.Refresh (13ms)
				TypeCache.ScanAssembly (0ms)
			ScanForSourceGeneratedMonoScriptInfo (0ms)
			ResolveRequiredComponents (6ms)
	FinalizeReload (1659ms)
		ReleaseScriptCaches (0ms)
		RebuildScriptCaches (0ms)
		SetupLoadedEditorAssemblies (417ms)
			LogAssemblyErrors (0ms)
			InitializePlatformSupportModulesInManaged (28ms)
			SetLoadedEditorAssemblies (6ms)
			RefreshPlugins (0ms)
			BeforeProcessingInitializeOnLoad (78ms)
			ProcessInitializeOnLoadAttributes (270ms)
			ProcessInitializeOnLoadMethodAttributes (23ms)
			AfterProcessingInitializeOnLoad (13ms)
			EditorAssembliesLoaded (1ms)
		ExecutionOrderSort2 (0ms)
		AwakeInstancesAfterBackupRestoration (7ms)
Refreshing native plugins compatible for Editor in 8.30 ms, found 3 plugins.
Preloading 0 native plugins for Editor in 0.00 ms.
Unloading 3244 Unused Serialized files (Serialized files now loaded: 0)
Unloading 14 unused Assets / (28.6 KB). Loaded Objects now: 3865.
Memory consumption went from 126.6 MB to 126.5 MB.
Total: 7.670800 ms (FindLiveObjects: 0.316300 ms CreateObjectMapping: 0.051400 ms MarkObjects: 7.254800 ms  DeleteObjects: 0.047500 ms)

Prepare: number of updated asset objects reloaded= 0
AssetImportParameters requested are different than current active one (requested -> active):
  custom:container-demuxer-ogg: 62fdf1f143b41e24485cea50d1cbac27 -> 
  custom:scripting/monoscript/fileName/GameTimer.cs: 5f16f02791a2cec9842e09d157105dbe -> 
  custom:video-codec-MediaFoundation-h265: 746d11721c4dcdbdad8f713fa42b33f4 -> 
  custom:video-decoder-ogg-theora: a1e56fd34408186e4bbccfd4996cb3dc -> 
  custom:framework-win-MediaFoundation: 216162199b28c13a410421893ffa2e32 -> 
  custom:scripting/monoscript/fileName/GameTime.cs: 5f16f02791a2cec9842e09d157105dbe -> 
  custom:CustomObjectIndexerAttribute: 9a22284fe3817be447336de3de66b15e -> 
  custom:container-demuxer-webm: 4f35f7cbe854078d1ac9338744f61a02 -> 
  custom:container-muxer-webm: aa71ff27fc2769a1b78a27578f13a17b -> 
  custom:video-decoder-webm-vp8: 9c59270c3fd7afecdb556c50c9e8de78 -> 
  custom:SearchIndexIgnoredProperties: e643bd26f0fe6173181afceb89e7c659 -> 
  custom:AudioImporter_EditorPlatform: d09bf68614088b80899f8185d706f6e7 -> 
  custom:scripting/monoscript/fileName/TimeBlock.cs: a33730dd345c6d6744687fbbd1d6f3c8 -> 
  custom:video-encoder-webm-vp8: eb34c28f22e8b96e1ab97ce403110664 -> 
  custom:audio-decoder-ogg-vorbis: bf7c407c2cedff20999df2af8eb42d56 -> 
  custom:audio-encoder-webm-vorbis: bf7c407c2cedff20999df2af8eb42d56 -> 
  custom:scripting/precompiled-assembly-types:Assembly-CSharp: d4be3c601a2dfffc685d577fbd87d57a -> 774ee31bc40a50fac50c9cee90051f6b
========================================================================
Received Import Request.
  Time since last request: 174.629227 seconds.
  path: Assets/PixelAssets/blend/textures/Clock-Texture.png
  artifactKey: Guid(18019731ebe433a4aaaeeecb132c4792) Importer(815301076,1909f56bfc062723c751e8b465ee728b)
Start importing Assets/PixelAssets/blend/textures/Clock-Texture.png using Guid(18019731ebe433a4aaaeeecb132c4792) Importer(815301076,1909f56bfc062723c751e8b465ee728b) [PhysX] Initialized MultithreadedTaskDispatcher with 16 workers.
[PhysX] Initialized MultithreadedTaskDispatcher with 16 workers.
 -> (artifact id: '25e36ce2e9de7b90411511c138171c26') in 0.062074 seconds
Number of updated asset objects reloaded before import = 9
Number of asset objects unloaded after import = 2
========================================================================
Received Import Request.
  Time since last request: 54.227660 seconds.
  path: Assets/Scenes/Prefab/Clock.dae
  artifactKey: Guid(4402c19fe5090d54787c220b7ef8211d) Importer(815301076,1909f56bfc062723c751e8b465ee728b)
Start importing Assets/Scenes/Prefab/Clock.dae using Guid(4402c19fe5090d54787c220b7ef8211d) Importer(815301076,1909f56bfc062723c751e8b465ee728b) [PhysX] Initialized MultithreadedTaskDispatcher with 16 workers.
[PhysX] Initialized MultithreadedTaskDispatcher with 16 workers.
[PhysX] Initialized MultithreadedTaskDispatcher with 16 workers.
[PhysX] Initialized MultithreadedTaskDispatcher with 16 workers.
[PhysX] Initialized MultithreadedTaskDispatcher with 16 workers.
[PhysX] Initialized MultithreadedTaskDispatcher with 16 workers.
 -> (artifact id: '19dc0ec2bea9b85a8e4bf6473e246490') in 0.075766 seconds
Number of updated asset objects reloaded before import = 0
Number of asset objects unloaded after import = 10
========================================================================
Received Import Request.
  Time since last request: 123.757931 seconds.
  path: Assets/PixelAssets/blend
  artifactKey: Guid(558599133b799c44595d3c8422d2171b) Importer(815301076,1909f56bfc062723c751e8b465ee728b)
Start importing Assets/PixelAssets/blend using Guid(558599133b799c44595d3c8422d2171b) Importer(815301076,1909f56bfc062723c751e8b465ee728b) [PhysX] Initialized MultithreadedTaskDispatcher with 16 workers.
 -> (artifact id: 'eb5154f2314ecc98a9497ec8b3149261') in 0.000694 seconds
Number of updated asset objects reloaded before import = 0
Number of asset objects unloaded after import = 0
========================================================================
Received Import Request.
  Time since last request: 203.176544 seconds.
  path: Assets/Code/RotateItem.cs
  artifactKey: Guid(f383e6e861117f641be4f4f8ab366f62) Importer(815301076,1909f56bfc062723c751e8b465ee728b)
Start importing Assets/Code/RotateItem.cs using Guid(f383e6e861117f641be4f4f8ab366f62) Importer(815301076,1909f56bfc062723c751e8b465ee728b) [PhysX] Initialized MultithreadedTaskDispatcher with 16 workers.
 -> (artifact id: '5dbb0598b64ca7851cc02dcdfc207b42') in 0.004366 seconds
Number of updated asset objects reloaded before import = 0
Number of asset objects unloaded after import = 0
========================================================================
Received Prepare
Caller must complete domain reload
Begin MonoManager ReloadAssembly
- Loaded All Assemblies, in  1.764 seconds
Native extension for WindowsStandalone target not found
Native extension for Android target not found
Mono: successfully reloaded assembly
- Finished resetting the current domain, in  2.130 seconds
Domain Reload Profiling: 3893ms
	BeginReloadAssembly (423ms)
		ExecutionOrderSort (0ms)
		DisableScriptedObjects (13ms)
		BackupInstance (0ms)
		ReleaseScriptingObjects (1ms)
		CreateAndSetChildDomain (149ms)
	RebuildCommonClasses (38ms)
	RebuildNativeTypeToScriptingClass (9ms)
	initialDomainReloadingComplete (51ms)
	LoadAllAssembliesAndSetupDomain (1241ms)
		LoadAssemblies (1359ms)
		RebuildTransferFunctionScriptingTraits (0ms)
		AnalyzeDomain (70ms)
			TypeCache.Refresh (33ms)
				TypeCache.ScanAssembly (1ms)
			ScanForSourceGeneratedMonoScriptInfo (16ms)
			ResolveRequiredComponents (19ms)
	FinalizeReload (2131ms)
		ReleaseScriptCaches (0ms)
		RebuildScriptCaches (0ms)
		SetupLoadedEditorAssemblies (586ms)
			LogAssemblyErrors (0ms)
			InitializePlatformSupportModulesInManaged (39ms)
			SetLoadedEditorAssemblies (8ms)
			RefreshPlugins (0ms)
			BeforeProcessingInitializeOnLoad (100ms)
			ProcessInitializeOnLoadAttributes (387ms)
			ProcessInitializeOnLoadMethodAttributes (31ms)
			AfterProcessingInitializeOnLoad (20ms)
			EditorAssembliesLoaded (1ms)
		ExecutionOrderSort2 (0ms)
		AwakeInstancesAfterBackupRestoration (9ms)
Refreshing native plugins compatible for Editor in 14.83 ms, found 3 plugins.
Preloading 0 native plugins for Editor in 0.00 ms.
Unloading 3245 Unused Serialized files (Serialized files now loaded: 0)
Unloading 14 unused Assets / (28.5 KB). Loaded Objects now: 3870.
Memory consumption went from 126.6 MB to 126.6 MB.
Total: 7.931700 ms (FindLiveObjects: 0.598700 ms CreateObjectMapping: 0.262300 ms MarkObjects: 6.972800 ms  DeleteObjects: 0.096600 ms)

Prepare: number of updated asset objects reloaded= 0
AssetImportParameters requested are different than current active one (requested -> active):
  custom:container-demuxer-ogg: 62fdf1f143b41e24485cea50d1cbac27 -> 
  custom:scripting/monoscript/fileName/GameTimer.cs: 5f16f02791a2cec9842e09d157105dbe -> 
  custom:video-codec-MediaFoundation-h265: 746d11721c4dcdbdad8f713fa42b33f4 -> 
  custom:video-decoder-ogg-theora: a1e56fd34408186e4bbccfd4996cb3dc -> 
  custom:framework-win-MediaFoundation: 216162199b28c13a410421893ffa2e32 -> 
  custom:scripting/monoscript/fileName/GameTime.cs: 5f16f02791a2cec9842e09d157105dbe -> 
  custom:CustomObjectIndexerAttribute: 9a22284fe3817be447336de3de66b15e -> 
  custom:container-demuxer-webm: 4f35f7cbe854078d1ac9338744f61a02 -> 
  custom:container-muxer-webm: aa71ff27fc2769a1b78a27578f13a17b -> 
  custom:video-decoder-webm-vp8: 9c59270c3fd7afecdb556c50c9e8de78 -> 
  custom:SearchIndexIgnoredProperties: e643bd26f0fe6173181afceb89e7c659 -> 
  custom:AudioImporter_EditorPlatform: d09bf68614088b80899f8185d706f6e7 -> 
  custom:scripting/monoscript/fileName/TimeBlock.cs: a33730dd345c6d6744687fbbd1d6f3c8 -> 
  custom:scripting/monoscript/fileName/RotateItem.cs: 250453c43e3a31d8443c3546984665c8 -> 
  custom:video-encoder-webm-vp8: eb34c28f22e8b96e1ab97ce403110664 -> 
  custom:audio-decoder-ogg-vorbis: bf7c407c2cedff20999df2af8eb42d56 -> 
  custom:audio-encoder-webm-vorbis: bf7c407c2cedff20999df2af8eb42d56 -> 
  custom:scripting/precompiled-assembly-types:Assembly-CSharp: d334e0c86a8757313a30d08d84c0fe9d -> 774ee31bc40a50fac50c9cee90051f6b
========================================================================
Received Import Request.
  Time since last request: 12.207838 seconds.
  path: Assets/Code/RotateItem.cs
  artifactKey: Guid(f383e6e861117f641be4f4f8ab366f62) Importer(815301076,1909f56bfc062723c751e8b465ee728b)
Start importing Assets/Code/RotateItem.cs using Guid(f383e6e861117f641be4f4f8ab366f62) Importer(815301076,1909f56bfc062723c751e8b465ee728b) [PhysX] Initialized MultithreadedTaskDispatcher with 16 workers.
 -> (artifact id: 'c02ca04a39f002b47990e7e6d4fd3167') in 0.020338 seconds
Number of updated asset objects reloaded before import = 0
Number of asset objects unloaded after import = 0
========================================================================
Received Prepare
Caller must complete domain reload
Begin MonoManager ReloadAssembly
- Loaded All Assemblies, in  0.823 seconds
Native extension for WindowsStandalone target not found
Native extension for Android target not found
Mono: successfully reloaded assembly
- Finished resetting the current domain, in  1.574 seconds
Domain Reload Profiling: 2393ms
	BeginReloadAssembly (269ms)
		ExecutionOrderSort (0ms)
		DisableScriptedObjects (11ms)
		BackupInstance (0ms)
		ReleaseScriptingObjects (2ms)
		CreateAndSetChildDomain (72ms)
	RebuildCommonClasses (34ms)
	RebuildNativeTypeToScriptingClass (9ms)
	initialDomainReloadingComplete (45ms)
	LoadAllAssembliesAndSetupDomain (461ms)
		LoadAssemblies (538ms)
		RebuildTransferFunctionScriptingTraits (0ms)
		AnalyzeDomain (45ms)
			TypeCache.Refresh (21ms)
				TypeCache.ScanAssembly (1ms)
			ScanForSourceGeneratedMonoScriptInfo (10ms)
			ResolveRequiredComponents (11ms)
	FinalizeReload (1575ms)
		ReleaseScriptCaches (0ms)
		RebuildScriptCaches (0ms)
		SetupLoadedEditorAssemblies (501ms)
			LogAssemblyErrors (0ms)
			InitializePlatformSupportModulesInManaged (32ms)
			SetLoadedEditorAssemblies (6ms)
			RefreshPlugins (0ms)
			BeforeProcessingInitializeOnLoad (94ms)
			ProcessInitializeOnLoadAttributes (324ms)
			ProcessInitializeOnLoadMethodAttributes (25ms)
			AfterProcessingInitializeOnLoad (20ms)
			EditorAssembliesLoaded (1ms)
		ExecutionOrderSort2 (0ms)
		AwakeInstancesAfterBackupRestoration (10ms)
Refreshing native plugins compatible for Editor in 11.12 ms, found 3 plugins.
Preloading 0 native plugins for Editor in 0.00 ms.
Unloading 3245 Unused Serialized files (Serialized files now loaded: 0)
Unloading 14 unused Assets / (28.5 KB). Loaded Objects now: 3874.
Memory consumption went from 126.6 MB to 126.6 MB.
Total: 6.607800 ms (FindLiveObjects: 0.688900 ms CreateObjectMapping: 0.176200 ms MarkObjects: 5.486900 ms  DeleteObjects: 0.254700 ms)

Prepare: number of updated asset objects reloaded= 0
AssetImportParameters requested are different than current active one (requested -> active):
  custom:container-demuxer-ogg: 62fdf1f143b41e24485cea50d1cbac27 -> 
  custom:scripting/monoscript/fileName/GameTimer.cs: 5f16f02791a2cec9842e09d157105dbe -> 
  custom:video-codec-MediaFoundation-h265: 746d11721c4dcdbdad8f713fa42b33f4 -> 
  custom:video-decoder-ogg-theora: a1e56fd34408186e4bbccfd4996cb3dc -> 
  custom:framework-win-MediaFoundation: 216162199b28c13a410421893ffa2e32 -> 
  custom:scripting/monoscript/fileName/GameTime.cs: 5f16f02791a2cec9842e09d157105dbe -> 
  custom:CustomObjectIndexerAttribute: 9a22284fe3817be447336de3de66b15e -> 
  custom:container-demuxer-webm: 4f35f7cbe854078d1ac9338744f61a02 -> 
  custom:container-muxer-webm: aa71ff27fc2769a1b78a27578f13a17b -> 
  custom:video-decoder-webm-vp8: 9c59270c3fd7afecdb556c50c9e8de78 -> 
  custom:SearchIndexIgnoredProperties: e643bd26f0fe6173181afceb89e7c659 -> 
  custom:AudioImporter_EditorPlatform: d09bf68614088b80899f8185d706f6e7 -> 
  custom:scripting/monoscript/fileName/TimeBlock.cs: a33730dd345c6d6744687fbbd1d6f3c8 -> 
  custom:scripting/monoscript/fileName/RotateItem.cs: 250453c43e3a31d8443c3546984665c8 -> 
  custom:video-encoder-webm-vp8: eb34c28f22e8b96e1ab97ce403110664 -> 
  custom:audio-decoder-ogg-vorbis: bf7c407c2cedff20999df2af8eb42d56 -> 
  custom:audio-encoder-webm-vorbis: bf7c407c2cedff20999df2af8eb42d56 -> 
  custom:scripting/precompiled-assembly-types:Assembly-CSharp: d334e0c86a8757313a30d08d84c0fe9d -> 774ee31bc40a50fac50c9cee90051f6b
========================================================================
Received Import Request.
  Time since last request: 37.797156 seconds.
  path: Assets/Code/RotateItem.cs
  artifactKey: Guid(f383e6e861117f641be4f4f8ab366f62) Importer(815301076,1909f56bfc062723c751e8b465ee728b)
Start importing Assets/Code/RotateItem.cs using Guid(f383e6e861117f641be4f4f8ab366f62) Importer(815301076,1909f56bfc062723c751e8b465ee728b) [PhysX] Initialized MultithreadedTaskDispatcher with 16 workers.
 -> (artifact id: '3ab2edae12220cfd0b03d8c467da037c') in 0.024576 seconds
Number of updated asset objects reloaded before import = 0
Number of asset objects unloaded after import = 0
========================================================================
Received Prepare
Caller must complete domain reload
Begin MonoManager ReloadAssembly
- Loaded All Assemblies, in  0.819 seconds
Native extension for WindowsStandalone target not found
Native extension for Android target not found
Mono: successfully reloaded assembly
- Finished resetting the current domain, in  1.759 seconds
Domain Reload Profiling: 2576ms
	BeginReloadAssembly (203ms)
		ExecutionOrderSort (0ms)
		DisableScriptedObjects (6ms)
		BackupInstance (0ms)
		ReleaseScriptingObjects (0ms)
		CreateAndSetChildDomain (50ms)
	RebuildCommonClasses (29ms)
	RebuildNativeTypeToScriptingClass (7ms)
	initialDomainReloadingComplete (34ms)
	LoadAllAssembliesAndSetupDomain (543ms)
		LoadAssemblies (599ms)
		RebuildTransferFunctionScriptingTraits (0ms)
		AnalyzeDomain (49ms)
			TypeCache.Refresh (29ms)
				TypeCache.ScanAssembly (0ms)
			ScanForSourceGeneratedMonoScriptInfo (0ms)
			ResolveRequiredComponents (16ms)
	FinalizeReload (1760ms)
		ReleaseScriptCaches (0ms)
		RebuildScriptCaches (0ms)
		SetupLoadedEditorAssemblies (370ms)
			LogAssemblyErrors (0ms)
			InitializePlatformSupportModulesInManaged (28ms)
			SetLoadedEditorAssemblies (6ms)
			RefreshPlugins (0ms)
			BeforeProcessingInitializeOnLoad (73ms)
			ProcessInitializeOnLoadAttributes (233ms)
			ProcessInitializeOnLoadMethodAttributes (18ms)
			AfterProcessingInitializeOnLoad (12ms)
			EditorAssembliesLoaded (0ms)
		ExecutionOrderSort2 (0ms)
		AwakeInstancesAfterBackupRestoration (6ms)
Refreshing native plugins compatible for Editor in 8.35 ms, found 3 plugins.
Preloading 0 native plugins for Editor in 0.00 ms.
Unloading 3245 Unused Serialized files (Serialized files now loaded: 0)
Unloading 14 unused Assets / (28.5 KB). Loaded Objects now: 3878.
Memory consumption went from 126.7 MB to 126.6 MB.
Total: 27.262900 ms (FindLiveObjects: 0.601800 ms CreateObjectMapping: 0.350300 ms MarkObjects: 20.059800 ms  DeleteObjects: 6.249700 ms)

Prepare: number of updated asset objects reloaded= 0
AssetImportParameters requested are different than current active one (requested -> active):
  custom:container-demuxer-ogg: 62fdf1f143b41e24485cea50d1cbac27 -> 
  custom:scripting/monoscript/fileName/GameTimer.cs: 5f16f02791a2cec9842e09d157105dbe -> 
  custom:video-codec-MediaFoundation-h265: 746d11721c4dcdbdad8f713fa42b33f4 -> 
  custom:video-decoder-ogg-theora: a1e56fd34408186e4bbccfd4996cb3dc -> 
  custom:framework-win-MediaFoundation: 216162199b28c13a410421893ffa2e32 -> 
  custom:scripting/monoscript/fileName/GameTime.cs: 5f16f02791a2cec9842e09d157105dbe -> 
  custom:CustomObjectIndexerAttribute: 9a22284fe3817be447336de3de66b15e -> 
  custom:container-demuxer-webm: 4f35f7cbe854078d1ac9338744f61a02 -> 
  custom:container-muxer-webm: aa71ff27fc2769a1b78a27578f13a17b -> 
  custom:video-decoder-webm-vp8: 9c59270c3fd7afecdb556c50c9e8de78 -> 
  custom:SearchIndexIgnoredProperties: e643bd26f0fe6173181afceb89e7c659 -> 
  custom:AudioImporter_EditorPlatform: d09bf68614088b80899f8185d706f6e7 -> 
  custom:scripting/monoscript/fileName/TimeBlock.cs: a33730dd345c6d6744687fbbd1d6f3c8 -> 
  custom:scripting/monoscript/fileName/RotateItem.cs: 250453c43e3a31d8443c3546984665c8 -> 
  custom:video-encoder-webm-vp8: eb34c28f22e8b96e1ab97ce403110664 -> 
  custom:audio-decoder-ogg-vorbis: bf7c407c2cedff20999df2af8eb42d56 -> 
  custom:audio-encoder-webm-vorbis: bf7c407c2cedff20999df2af8eb42d56 -> 
  custom:scripting/precompiled-assembly-types:Assembly-CSharp: d334e0c86a8757313a30d08d84c0fe9d -> 774ee31bc40a50fac50c9cee90051f6b
========================================================================
Received Prepare
Caller must complete domain reload
Begin MonoManager ReloadAssembly
- Loaded All Assemblies, in  0.456 seconds
Native extension for WindowsStandalone target not found
Native extension for Android target not found
Mono: successfully reloaded assembly
- Finished resetting the current domain, in  1.359 seconds
Domain Reload Profiling: 1809ms
	BeginReloadAssembly (160ms)
		ExecutionOrderSort (0ms)
		DisableScriptedObjects (4ms)
		BackupInstance (0ms)
		ReleaseScriptingObjects (0ms)
		CreateAndSetChildDomain (26ms)
	RebuildCommonClasses (31ms)
	RebuildNativeTypeToScriptingClass (9ms)
	initialDomainReloadingComplete (31ms)
	LoadAllAssembliesAndSetupDomain (219ms)
		LoadAssemblies (297ms)
		RebuildTransferFunctionScriptingTraits (0ms)
		AnalyzeDomain (22ms)
			TypeCache.Refresh (7ms)
				TypeCache.ScanAssembly (0ms)
			ScanForSourceGeneratedMonoScriptInfo (8ms)
			ResolveRequiredComponents (5ms)
	FinalizeReload (1360ms)
		ReleaseScriptCaches (0ms)
		RebuildScriptCaches (0ms)
		SetupLoadedEditorAssemblies (299ms)
			LogAssemblyErrors (0ms)
			InitializePlatformSupportModulesInManaged (18ms)
			SetLoadedEditorAssemblies (3ms)
			RefreshPlugins (0ms)
			BeforeProcessingInitializeOnLoad (62ms)
			ProcessInitializeOnLoadAttributes (178ms)
			ProcessInitializeOnLoadMethodAttributes (16ms)
			AfterProcessingInitializeOnLoad (20ms)
			EditorAssembliesLoaded (0ms)
		ExecutionOrderSort2 (0ms)
		AwakeInstancesAfterBackupRestoration (6ms)
Refreshing native plugins compatible for Editor in 7.56 ms, found 3 plugins.
Preloading 0 native plugins for Editor in 0.00 ms.
Unloading 3246 Unused Serialized files (Serialized files now loaded: 0)
Unloading 14 unused Assets / (28.5 KB). Loaded Objects now: 3882.
Memory consumption went from 126.9 MB to 126.9 MB.
Total: 2.500500 ms (FindLiveObjects: 0.216500 ms CreateObjectMapping: 0.050300 ms MarkObjects: 2.197800 ms  DeleteObjects: 0.035300 ms)

Prepare: number of updated asset objects reloaded= 0
AssetImportParameters requested are different than current active one (requested -> active):
  custom:container-demuxer-ogg: 62fdf1f143b41e24485cea50d1cbac27 -> 
  custom:scripting/monoscript/fileName/GameTimer.cs: 597adb2d40d727b3faecea63fd0da384 -> 
  custom:video-codec-MediaFoundation-h265: 746d11721c4dcdbdad8f713fa42b33f4 -> 
  custom:video-decoder-ogg-theora: a1e56fd34408186e4bbccfd4996cb3dc -> 
  custom:framework-win-MediaFoundation: 216162199b28c13a410421893ffa2e32 -> 
  custom:scripting/monoscript/fileName/GameTime.cs: 5f16f02791a2cec9842e09d157105dbe -> 
  custom:CustomObjectIndexerAttribute: 9a22284fe3817be447336de3de66b15e -> 
  custom:container-demuxer-webm: 4f35f7cbe854078d1ac9338744f61a02 -> 
  custom:container-muxer-webm: aa71ff27fc2769a1b78a27578f13a17b -> 
  custom:video-decoder-webm-vp8: 9c59270c3fd7afecdb556c50c9e8de78 -> 
  custom:SearchIndexIgnoredProperties: e643bd26f0fe6173181afceb89e7c659 -> 
  custom:AudioImporter_EditorPlatform: d09bf68614088b80899f8185d706f6e7 -> 
  custom:scripting/monoscript/fileName/TimeBlock.cs: a33730dd345c6d6744687fbbd1d6f3c8 -> 
  custom:scripting/monoscript/fileName/RotateItem.cs: 250453c43e3a31d8443c3546984665c8 -> 
  custom:video-encoder-webm-vp8: eb34c28f22e8b96e1ab97ce403110664 -> 
  custom:audio-decoder-ogg-vorbis: bf7c407c2cedff20999df2af8eb42d56 -> 
  custom:audio-encoder-webm-vorbis: bf7c407c2cedff20999df2af8eb42d56 -> 
  custom:scripting/precompiled-assembly-types:Assembly-CSharp: e9707b6f8a170faa5ebfe314445f1146 -> 774ee31bc40a50fac50c9cee90051f6b
========================================================================
Received Prepare
Caller must complete domain reload
Begin MonoManager ReloadAssembly
- Loaded All Assemblies, in  0.446 seconds
Native extension for WindowsStandalone target not found
Native extension for Android target not found
Mono: successfully reloaded assembly
- Finished resetting the current domain, in  0.909 seconds
Domain Reload Profiling: 1348ms
	BeginReloadAssembly (162ms)
		ExecutionOrderSort (0ms)
		DisableScriptedObjects (3ms)
		BackupInstance (0ms)
		ReleaseScriptingObjects (0ms)
		CreateAndSetChildDomain (26ms)
	RebuildCommonClasses (27ms)
	RebuildNativeTypeToScriptingClass (7ms)
	initialDomainReloadingComplete (30ms)
	LoadAllAssembliesAndSetupDomain (213ms)
		LoadAssemblies (296ms)
		RebuildTransferFunctionScriptingTraits (0ms)
		AnalyzeDomain (17ms)
			TypeCache.Refresh (6ms)
				TypeCache.ScanAssembly (0ms)
			ScanForSourceGeneratedMonoScriptInfo (6ms)
			ResolveRequiredComponents (3ms)
	FinalizeReload (909ms)
		ReleaseScriptCaches (0ms)
		RebuildScriptCaches (0ms)
		SetupLoadedEditorAssemblies (325ms)
			LogAssemblyErrors (0ms)
			InitializePlatformSupportModulesInManaged (21ms)
			SetLoadedEditorAssemblies (3ms)
			RefreshPlugins (0ms)
			BeforeProcessingInitializeOnLoad (64ms)
			ProcessInitializeOnLoadAttributes (201ms)
			ProcessInitializeOnLoadMethodAttributes (18ms)
			AfterProcessingInitializeOnLoad (17ms)
			EditorAssembliesLoaded (0ms)
		ExecutionOrderSort2 (0ms)
		AwakeInstancesAfterBackupRestoration (7ms)
Refreshing native plugins compatible for Editor in 4.32 ms, found 3 plugins.
Preloading 0 native plugins for Editor in 0.00 ms.
Unloading 3246 Unused Serialized files (Serialized files now loaded: 0)
Unloading 14 unused Assets / (28.5 KB). Loaded Objects now: 3886.
Memory consumption went from 126.9 MB to 126.9 MB.
Total: 2.518500 ms (FindLiveObjects: 0.229600 ms CreateObjectMapping: 0.071600 ms MarkObjects: 2.170900 ms  DeleteObjects: 0.045900 ms)

Prepare: number of updated asset objects reloaded= 0
AssetImportParameters requested are different than current active one (requested -> active):
  custom:container-demuxer-ogg: 62fdf1f143b41e24485cea50d1cbac27 -> 
  custom:scripting/monoscript/fileName/GameTimer.cs: 597adb2d40d727b3faecea63fd0da384 -> 
  custom:video-codec-MediaFoundation-h265: 746d11721c4dcdbdad8f713fa42b33f4 -> 
  custom:video-decoder-ogg-theora: a1e56fd34408186e4bbccfd4996cb3dc -> 
  custom:framework-win-MediaFoundation: 216162199b28c13a410421893ffa2e32 -> 
  custom:scripting/monoscript/fileName/GameTime.cs: 5f16f02791a2cec9842e09d157105dbe -> 
  custom:CustomObjectIndexerAttribute: 9a22284fe3817be447336de3de66b15e -> 
  custom:container-demuxer-webm: 4f35f7cbe854078d1ac9338744f61a02 -> 
  custom:container-muxer-webm: aa71ff27fc2769a1b78a27578f13a17b -> 
  custom:video-decoder-webm-vp8: 9c59270c3fd7afecdb556c50c9e8de78 -> 
  custom:SearchIndexIgnoredProperties: e643bd26f0fe6173181afceb89e7c659 -> 
  custom:AudioImporter_EditorPlatform: d09bf68614088b80899f8185d706f6e7 -> 
  custom:scripting/monoscript/fileName/TimeBlock.cs: ceab2db04e96b6a02699b0996bb3c7fc -> 
  custom:scripting/monoscript/fileName/RotateItem.cs: 250453c43e3a31d8443c3546984665c8 -> 
  custom:video-encoder-webm-vp8: eb34c28f22e8b96e1ab97ce403110664 -> 
  custom:audio-decoder-ogg-vorbis: bf7c407c2cedff20999df2af8eb42d56 -> 
  custom:audio-encoder-webm-vorbis: bf7c407c2cedff20999df2af8eb42d56 -> 
  custom:scripting/precompiled-assembly-types:Assembly-CSharp: 6d397e8ecc9f7222da82f5d4a2df6b96 -> 774ee31bc40a50fac50c9cee90051f6b
========================================================================
Received Prepare
Caller must complete domain reload
Begin MonoManager ReloadAssembly
- Loaded All Assemblies, in  0.438 seconds
Native extension for WindowsStandalone target not found
Native extension for Android target not found
Mono: successfully reloaded assembly
- Finished resetting the current domain, in  0.914 seconds
Domain Reload Profiling: 1346ms
	BeginReloadAssembly (147ms)
		ExecutionOrderSort (0ms)
		DisableScriptedObjects (4ms)
		BackupInstance (0ms)
		ReleaseScriptingObjects (0ms)
		CreateAndSetChildDomain (24ms)
	RebuildCommonClasses (22ms)
	RebuildNativeTypeToScriptingClass (7ms)
	initialDomainReloadingComplete (30ms)
	LoadAllAssembliesAndSetupDomain (226ms)
		LoadAssemblies (308ms)
		RebuildTransferFunctionScriptingTraits (0ms)
		AnalyzeDomain (9ms)
			TypeCache.Refresh (4ms)
				TypeCache.ScanAssembly (0ms)
			ScanForSourceGeneratedMonoScriptInfo (0ms)
			ResolveRequiredComponents (4ms)
	FinalizeReload (914ms)
		ReleaseScriptCaches (0ms)
		RebuildScriptCaches (0ms)
		SetupLoadedEditorAssemblies (332ms)
			LogAssemblyErrors (0ms)
			InitializePlatformSupportModulesInManaged (20ms)
			SetLoadedEditorAssemblies (3ms)
			RefreshPlugins (0ms)
			BeforeProcessingInitializeOnLoad (60ms)
			ProcessInitializeOnLoadAttributes (215ms)
			ProcessInitializeOnLoadMethodAttributes (19ms)
			AfterProcessingInitializeOnLoad (15ms)
			EditorAssembliesLoaded (0ms)
		ExecutionOrderSort2 (0ms)
		AwakeInstancesAfterBackupRestoration (7ms)
Refreshing native plugins compatible for Editor in 5.35 ms, found 3 plugins.
Preloading 0 native plugins for Editor in 0.00 ms.
Unloading 3246 Unused Serialized files (Serialized files now loaded: 0)
Unloading 14 unused Assets / (28.5 KB). Loaded Objects now: 3890.
Memory consumption went from 126.9 MB to 126.9 MB.
Total: 2.934400 ms (FindLiveObjects: 0.236500 ms CreateObjectMapping: 0.069800 ms MarkObjects: 2.590700 ms  DeleteObjects: 0.036600 ms)

Prepare: number of updated asset objects reloaded= 0
AssetImportParameters requested are different than current active one (requested -> active):
  custom:container-demuxer-ogg: 62fdf1f143b41e24485cea50d1cbac27 -> 
  custom:scripting/monoscript/fileName/GameTimer.cs: 597adb2d40d727b3faecea63fd0da384 -> 
  custom:video-codec-MediaFoundation-h265: 746d11721c4dcdbdad8f713fa42b33f4 -> 
  custom:video-decoder-ogg-theora: a1e56fd34408186e4bbccfd4996cb3dc -> 
  custom:framework-win-MediaFoundation: 216162199b28c13a410421893ffa2e32 -> 
  custom:scripting/monoscript/fileName/GameTime.cs: 5f16f02791a2cec9842e09d157105dbe -> 
  custom:CustomObjectIndexerAttribute: 9a22284fe3817be447336de3de66b15e -> 
  custom:container-demuxer-webm: 4f35f7cbe854078d1ac9338744f61a02 -> 
  custom:container-muxer-webm: aa71ff27fc2769a1b78a27578f13a17b -> 
  custom:video-decoder-webm-vp8: 9c59270c3fd7afecdb556c50c9e8de78 -> 
  custom:SearchIndexIgnoredProperties: e643bd26f0fe6173181afceb89e7c659 -> 
  custom:AudioImporter_EditorPlatform: d09bf68614088b80899f8185d706f6e7 -> 
  custom:scripting/monoscript/fileName/TimeBlock.cs: ceab2db04e96b6a02699b0996bb3c7fc -> 
  custom:scripting/monoscript/fileName/RotateItem.cs: 250453c43e3a31d8443c3546984665c8 -> 
  custom:video-encoder-webm-vp8: eb34c28f22e8b96e1ab97ce403110664 -> 
  custom:audio-decoder-ogg-vorbis: bf7c407c2cedff20999df2af8eb42d56 -> 
  custom:audio-encoder-webm-vorbis: bf7c407c2cedff20999df2af8eb42d56 -> 
  custom:scripting/precompiled-assembly-types:Assembly-CSharp: 6d397e8ecc9f7222da82f5d4a2df6b96 -> 774ee31bc40a50fac50c9cee90051f6b
========================================================================
Received Prepare
Caller must complete domain reload
Begin MonoManager ReloadAssembly
- Loaded All Assemblies, in  0.454 seconds
Native extension for WindowsStandalone target not found
Native extension for Android target not found
Mono: successfully reloaded assembly
- Finished resetting the current domain, in  1.503 seconds
Domain Reload Profiling: 1951ms
	BeginReloadAssembly (163ms)
		ExecutionOrderSort (0ms)
		DisableScriptedObjects (4ms)
		BackupInstance (0ms)
		ReleaseScriptingObjects (0ms)
		CreateAndSetChildDomain (28ms)
	RebuildCommonClasses (29ms)
	RebuildNativeTypeToScriptingClass (7ms)
	initialDomainReloadingComplete (34ms)
	LoadAllAssembliesAndSetupDomain (215ms)
		LoadAssemblies (306ms)
		RebuildTransferFunctionScriptingTraits (0ms)
		AnalyzeDomain (10ms)
			TypeCache.Refresh (4ms)
				TypeCache.ScanAssembly (0ms)
			ScanForSourceGeneratedMonoScriptInfo (0ms)
			ResolveRequiredComponents (4ms)
	FinalizeReload (1503ms)
		ReleaseScriptCaches (0ms)
		RebuildScriptCaches (0ms)
		SetupLoadedEditorAssemblies (338ms)
			LogAssemblyErrors (0ms)
			InitializePlatformSupportModulesInManaged (22ms)
			SetLoadedEditorAssemblies (5ms)
			RefreshPlugins (0ms)
			BeforeProcessingInitializeOnLoad (64ms)
			ProcessInitializeOnLoadAttributes (210ms)
			ProcessInitializeOnLoadMethodAttributes (18ms)
			AfterProcessingInitializeOnLoad (19ms)
			EditorAssembliesLoaded (0ms)
		ExecutionOrderSort2 (0ms)
		AwakeInstancesAfterBackupRestoration (8ms)
Refreshing native plugins compatible for Editor in 8.44 ms, found 3 plugins.
Preloading 0 native plugins for Editor in 0.00 ms.
Unloading 3246 Unused Serialized files (Serialized files now loaded: 0)
Unloading 14 unused Assets / (28.5 KB). Loaded Objects now: 3894.
Memory consumption went from 126.9 MB to 126.9 MB.
Total: 2.770300 ms (FindLiveObjects: 0.289400 ms CreateObjectMapping: 0.111700 ms MarkObjects: 2.334400 ms  DeleteObjects: 0.033900 ms)

Prepare: number of updated asset objects reloaded= 0
AssetImportParameters requested are different than current active one (requested -> active):
  custom:container-demuxer-ogg: 62fdf1f143b41e24485cea50d1cbac27 -> 
  custom:scripting/monoscript/fileName/GameTimer.cs: 597adb2d40d727b3faecea63fd0da384 -> 
  custom:video-codec-MediaFoundation-h265: 746d11721c4dcdbdad8f713fa42b33f4 -> 
  custom:video-decoder-ogg-theora: a1e56fd34408186e4bbccfd4996cb3dc -> 
  custom:framework-win-MediaFoundation: 216162199b28c13a410421893ffa2e32 -> 
  custom:scripting/monoscript/fileName/GameTime.cs: 5f16f02791a2cec9842e09d157105dbe -> 
  custom:CustomObjectIndexerAttribute: 9a22284fe3817be447336de3de66b15e -> 
  custom:container-demuxer-webm: 4f35f7cbe854078d1ac9338744f61a02 -> 
  custom:container-muxer-webm: aa71ff27fc2769a1b78a27578f13a17b -> 
  custom:video-decoder-webm-vp8: 9c59270c3fd7afecdb556c50c9e8de78 -> 
  custom:SearchIndexIgnoredProperties: e643bd26f0fe6173181afceb89e7c659 -> 
  custom:AudioImporter_EditorPlatform: d09bf68614088b80899f8185d706f6e7 -> 
  custom:scripting/monoscript/fileName/TimeBlock.cs: ceab2db04e96b6a02699b0996bb3c7fc -> 
  custom:scripting/monoscript/fileName/RotateItem.cs: 250453c43e3a31d8443c3546984665c8 -> 
  custom:video-encoder-webm-vp8: eb34c28f22e8b96e1ab97ce403110664 -> 
  custom:audio-decoder-ogg-vorbis: bf7c407c2cedff20999df2af8eb42d56 -> 
  custom:audio-encoder-webm-vorbis: bf7c407c2cedff20999df2af8eb42d56 -> 
  custom:scripting/precompiled-assembly-types:Assembly-CSharp: 6d397e8ecc9f7222da82f5d4a2df6b96 -> 774ee31bc40a50fac50c9cee90051f6b
========================================================================
Received Prepare
Caller must complete domain reload
Begin MonoManager ReloadAssembly
- Loaded All Assemblies, in  0.458 seconds
Native extension for WindowsStandalone target not found
Native extension for Android target not found
Mono: successfully reloaded assembly
- Finished resetting the current domain, in  1.455 seconds
Domain Reload Profiling: 1908ms
	BeginReloadAssembly (147ms)
		ExecutionOrderSort (0ms)
		DisableScriptedObjects (3ms)
		BackupInstance (0ms)
		ReleaseScriptingObjects (0ms)
		CreateAndSetChildDomain (22ms)
	RebuildCommonClasses (23ms)
	RebuildNativeTypeToScriptingClass (7ms)
	initialDomainReloadingComplete (33ms)
	LoadAllAssembliesAndSetupDomain (242ms)
		LoadAssemblies (319ms)
		RebuildTransferFunctionScriptingTraits (0ms)
		AnalyzeDomain (13ms)
			TypeCache.Refresh (7ms)
				TypeCache.ScanAssembly (0ms)
			ScanForSourceGeneratedMonoScriptInfo (0ms)
			ResolveRequiredComponents (4ms)
	FinalizeReload (1456ms)
		ReleaseScriptCaches (0ms)
		RebuildScriptCaches (0ms)
		SetupLoadedEditorAssemblies (339ms)
			LogAssemblyErrors (0ms)
			InitializePlatformSupportModulesInManaged (20ms)
			SetLoadedEditorAssemblies (3ms)
			RefreshPlugins (0ms)
			BeforeProcessingInitializeOnLoad (68ms)
			ProcessInitializeOnLoadAttributes (213ms)
			ProcessInitializeOnLoadMethodAttributes (18ms)
			AfterProcessingInitializeOnLoad (17ms)
			EditorAssembliesLoaded (0ms)
		ExecutionOrderSort2 (0ms)
		AwakeInstancesAfterBackupRestoration (7ms)
Refreshing native plugins compatible for Editor in 6.68 ms, found 3 plugins.
Preloading 0 native plugins for Editor in 0.00 ms.
Unloading 3246 Unused Serialized files (Serialized files now loaded: 0)
Unloading 14 unused Assets / (28.5 KB). Loaded Objects now: 3898.
Memory consumption went from 126.9 MB to 126.9 MB.
Total: 3.005000 ms (FindLiveObjects: 0.364100 ms CreateObjectMapping: 0.087900 ms MarkObjects: 2.501000 ms  DeleteObjects: 0.049800 ms)

Prepare: number of updated asset objects reloaded= 0
AssetImportParameters requested are different than current active one (requested -> active):
  custom:container-demuxer-ogg: 62fdf1f143b41e24485cea50d1cbac27 -> 
  custom:scripting/monoscript/fileName/GameTimer.cs: 597adb2d40d727b3faecea63fd0da384 -> 
  custom:video-codec-MediaFoundation-h265: 746d11721c4dcdbdad8f713fa42b33f4 -> 
  custom:video-decoder-ogg-theora: a1e56fd34408186e4bbccfd4996cb3dc -> 
  custom:framework-win-MediaFoundation: 216162199b28c13a410421893ffa2e32 -> 
  custom:scripting/monoscript/fileName/GameTime.cs: 5f16f02791a2cec9842e09d157105dbe -> 
  custom:CustomObjectIndexerAttribute: 9a22284fe3817be447336de3de66b15e -> 
  custom:container-demuxer-webm: 4f35f7cbe854078d1ac9338744f61a02 -> 
  custom:container-muxer-webm: aa71ff27fc2769a1b78a27578f13a17b -> 
  custom:video-decoder-webm-vp8: 9c59270c3fd7afecdb556c50c9e8de78 -> 
  custom:SearchIndexIgnoredProperties: e643bd26f0fe6173181afceb89e7c659 -> 
  custom:AudioImporter_EditorPlatform: d09bf68614088b80899f8185d706f6e7 -> 
  custom:scripting/monoscript/fileName/TimeBlock.cs: ceab2db04e96b6a02699b0996bb3c7fc -> 
  custom:scripting/monoscript/fileName/RotateItem.cs: 250453c43e3a31d8443c3546984665c8 -> 
  custom:video-encoder-webm-vp8: eb34c28f22e8b96e1ab97ce403110664 -> 
  custom:audio-decoder-ogg-vorbis: bf7c407c2cedff20999df2af8eb42d56 -> 
  custom:audio-encoder-webm-vorbis: bf7c407c2cedff20999df2af8eb42d56 -> 
  custom:scripting/precompiled-assembly-types:Assembly-CSharp: 6d397e8ecc9f7222da82f5d4a2df6b96 -> 774ee31bc40a50fac50c9cee90051f6b
========================================================================
Received Import Request.
  Time since last request: 450.631053 seconds.
  path: Assets/Scenes/Prefab/Clock.prefab
  artifactKey: Guid(01681688f9490dd46a419f5cad815391) Importer(815301076,1909f56bfc062723c751e8b465ee728b)
Start importing Assets/Scenes/Prefab/Clock.prefab using Guid(01681688f9490dd46a419f5cad815391) Importer(815301076,1909f56bfc062723c751e8b465ee728b) [PhysX] Initialized MultithreadedTaskDispatcher with 16 workers.
[PhysX] Initialized MultithreadedTaskDispatcher with 16 workers.
 -> (artifact id: 'b0bb63ae6164497de54fa7ce5d37470a') in 0.099126 seconds
Number of updated asset objects reloaded before import = 0
Number of asset objects unloaded after import = 21
========================================================================
Received Prepare
Caller must complete domain reload
Begin MonoManager ReloadAssembly
- Loaded All Assemblies, in  0.445 seconds
Native extension for WindowsStandalone target not found
Native extension for Android target not found
Mono: successfully reloaded assembly
- Finished resetting the current domain, in  1.464 seconds
Domain Reload Profiling: 1901ms
	BeginReloadAssembly (152ms)
		ExecutionOrderSort (0ms)
		DisableScriptedObjects (3ms)
		BackupInstance (0ms)
		ReleaseScriptingObjects (0ms)
		CreateAndSetChildDomain (28ms)
	RebuildCommonClasses (22ms)
	RebuildNativeTypeToScriptingClass (7ms)
	initialDomainReloadingComplete (35ms)
	LoadAllAssembliesAndSetupDomain (221ms)
		LoadAssemblies (304ms)
		RebuildTransferFunctionScriptingTraits (0ms)
		AnalyzeDomain (10ms)
			TypeCache.Refresh (4ms)
				TypeCache.ScanAssembly (0ms)
			ScanForSourceGeneratedMonoScriptInfo (0ms)
			ResolveRequiredComponents (3ms)
	FinalizeReload (1464ms)
		ReleaseScriptCaches (0ms)
		RebuildScriptCaches (0ms)
		SetupLoadedEditorAssemblies (339ms)
			LogAssemblyErrors (0ms)
			InitializePlatformSupportModulesInManaged (21ms)
			SetLoadedEditorAssemblies (4ms)
			RefreshPlugins (0ms)
			BeforeProcessingInitializeOnLoad (67ms)
			ProcessInitializeOnLoadAttributes (210ms)
			ProcessInitializeOnLoadMethodAttributes (18ms)
			AfterProcessingInitializeOnLoad (19ms)
			EditorAssembliesLoaded (0ms)
		ExecutionOrderSort2 (0ms)
		AwakeInstancesAfterBackupRestoration (8ms)
Refreshing native plugins compatible for Editor in 8.57 ms, found 3 plugins.
Preloading 0 native plugins for Editor in 0.00 ms.
Unloading 3245 Unused Serialized files (Serialized files now loaded: 0)
Unloading 14 unused Assets / (28.5 KB). Loaded Objects now: 3902.
Memory consumption went from 126.7 MB to 126.7 MB.
Total: 3.449500 ms (FindLiveObjects: 0.368600 ms CreateObjectMapping: 0.184300 ms MarkObjects: 2.853500 ms  DeleteObjects: 0.042300 ms)

Prepare: number of updated asset objects reloaded= 0
AssetImportParameters requested are different than current active one (requested -> active):
  custom:container-demuxer-ogg: 62fdf1f143b41e24485cea50d1cbac27 -> 
  custom:scripting/monoscript/fileName/GameTimer.cs: 597adb2d40d727b3faecea63fd0da384 -> 
  custom:video-codec-MediaFoundation-h265: 746d11721c4dcdbdad8f713fa42b33f4 -> 
  custom:video-decoder-ogg-theora: a1e56fd34408186e4bbccfd4996cb3dc -> 
  custom:framework-win-MediaFoundation: 216162199b28c13a410421893ffa2e32 -> 
  custom:scripting/monoscript/fileName/GameTime.cs: 5f16f02791a2cec9842e09d157105dbe -> 
  custom:CustomObjectIndexerAttribute: 9a22284fe3817be447336de3de66b15e -> 
  custom:container-demuxer-webm: 4f35f7cbe854078d1ac9338744f61a02 -> 
  custom:container-muxer-webm: aa71ff27fc2769a1b78a27578f13a17b -> 
  custom:video-decoder-webm-vp8: 9c59270c3fd7afecdb556c50c9e8de78 -> 
  custom:SearchIndexIgnoredProperties: e643bd26f0fe6173181afceb89e7c659 -> 
  custom:AudioImporter_EditorPlatform: d09bf68614088b80899f8185d706f6e7 -> 
  custom:scripting/monoscript/fileName/TimeBlock.cs: ceab2db04e96b6a02699b0996bb3c7fc -> 
  custom:scripting/monoscript/fileName/RotateItem.cs: 250453c43e3a31d8443c3546984665c8 -> 
  custom:video-encoder-webm-vp8: eb34c28f22e8b96e1ab97ce403110664 -> 
  custom:audio-decoder-ogg-vorbis: bf7c407c2cedff20999df2af8eb42d56 -> 
  custom:audio-encoder-webm-vorbis: bf7c407c2cedff20999df2af8eb42d56 -> 
  custom:scripting/precompiled-assembly-types:Assembly-CSharp: 6d397e8ecc9f7222da82f5d4a2df6b96 -> 774ee31bc40a50fac50c9cee90051f6b
========================================================================
Received Import Request.
  Time since last request: 478.286528 seconds.
  path: Assets/Code/GameOver.cs
  artifactKey: Guid(053eb362f53a16c469c450e50baf53e6) Importer(815301076,1909f56bfc062723c751e8b465ee728b)
Start importing Assets/Code/GameOver.cs using Guid(053eb362f53a16c469c450e50baf53e6) Importer(815301076,1909f56bfc062723c751e8b465ee728b) [PhysX] Initialized MultithreadedTaskDispatcher with 16 workers.
 -> (artifact id: '98599417105a4d35c10427824acc31bb') in 0.047943 seconds
Number of updated asset objects reloaded before import = 0
Number of asset objects unloaded after import = 0
========================================================================
Received Prepare
Caller must complete domain reload
Begin MonoManager ReloadAssembly
- Loaded All Assemblies, in  2.894 seconds
Native extension for WindowsStandalone target not found
Native extension for Android target not found
Mono: successfully reloaded assembly
- Finished resetting the current domain, in  2.618 seconds
Domain Reload Profiling: 5507ms
	BeginReloadAssembly (1137ms)
		ExecutionOrderSort (0ms)
		DisableScriptedObjects (144ms)
		BackupInstance (0ms)
		ReleaseScriptingObjects (2ms)
		CreateAndSetChildDomain (366ms)
	RebuildCommonClasses (46ms)
	RebuildNativeTypeToScriptingClass (11ms)
	initialDomainReloadingComplete (101ms)
	LoadAllAssembliesAndSetupDomain (1593ms)
		LoadAssemblies (1966ms)
		RebuildTransferFunctionScriptingTraits (0ms)
		AnalyzeDomain (103ms)
			TypeCache.Refresh (49ms)
				TypeCache.ScanAssembly (1ms)
			ScanForSourceGeneratedMonoScriptInfo (19ms)
			ResolveRequiredComponents (30ms)
	FinalizeReload (2619ms)
		ReleaseScriptCaches (0ms)
		RebuildScriptCaches (0ms)
		SetupLoadedEditorAssemblies (646ms)
			LogAssemblyErrors (0ms)
			InitializePlatformSupportModulesInManaged (31ms)
			SetLoadedEditorAssemblies (5ms)
			RefreshPlugins (0ms)
			BeforeProcessingInitializeOnLoad (74ms)
			ProcessInitializeOnLoadAttributes (493ms)
			ProcessInitializeOnLoadMethodAttributes (25ms)
			AfterProcessingInitializeOnLoad (17ms)
			EditorAssembliesLoaded (0ms)
		ExecutionOrderSort2 (0ms)
		AwakeInstancesAfterBackupRestoration (8ms)
Script is not up to date after domain reload: guid(053eb362f53a16c469c450e50baf53e6) path("Assets/Code/GameOver.cs") state(2)
Refreshing native plugins compatible for Editor in 8.09 ms, found 3 plugins.
Preloading 0 native plugins for Editor in 0.00 ms.
Unloading 3245 Unused Serialized files (Serialized files now loaded: 0)
Unloading 14 unused Assets / (28.6 KB). Loaded Objects now: 3906.
Memory consumption went from 126.7 MB to 126.7 MB.
Total: 6.718700 ms (FindLiveObjects: 0.429000 ms CreateObjectMapping: 0.130500 ms MarkObjects: 5.795500 ms  DeleteObjects: 0.363000 ms)

Prepare: number of updated asset objects reloaded= 0
AssetImportParameters requested are different than current active one (requested -> active):
  custom:container-demuxer-ogg: 62fdf1f143b41e24485cea50d1cbac27 -> 
  custom:scripting/monoscript/fileName/GameTimer.cs: 597adb2d40d727b3faecea63fd0da384 -> 
  custom:video-codec-MediaFoundation-h265: 746d11721c4dcdbdad8f713fa42b33f4 -> 
  custom:video-decoder-ogg-theora: a1e56fd34408186e4bbccfd4996cb3dc -> 
  custom:framework-win-MediaFoundation: 216162199b28c13a410421893ffa2e32 -> 
  custom:scripting/monoscript/fileName/GameOver.cs: faa751f5edc7455646306340dac9f97d -> 
  custom:scripting/monoscript/fileName/GameTime.cs: 5f16f02791a2cec9842e09d157105dbe -> 
  custom:CustomObjectIndexerAttribute: 9a22284fe3817be447336de3de66b15e -> 
  custom:container-demuxer-webm: 4f35f7cbe854078d1ac9338744f61a02 -> 
  custom:container-muxer-webm: aa71ff27fc2769a1b78a27578f13a17b -> 
  custom:video-decoder-webm-vp8: 9c59270c3fd7afecdb556c50c9e8de78 -> 
  custom:SearchIndexIgnoredProperties: e643bd26f0fe6173181afceb89e7c659 -> 
  custom:AudioImporter_EditorPlatform: d09bf68614088b80899f8185d706f6e7 -> 
  custom:scripting/monoscript/fileName/TimeBlock.cs: ceab2db04e96b6a02699b0996bb3c7fc -> 
  custom:scripting/monoscript/fileName/RotateItem.cs: 250453c43e3a31d8443c3546984665c8 -> 
  custom:video-encoder-webm-vp8: eb34c28f22e8b96e1ab97ce403110664 -> 
  custom:audio-decoder-ogg-vorbis: bf7c407c2cedff20999df2af8eb42d56 -> 
  custom:audio-encoder-webm-vorbis: bf7c407c2cedff20999df2af8eb42d56 -> 
  custom:scripting/precompiled-assembly-types:Assembly-CSharp: 2a8ec2f8beaa80a5d91d410eeef994e4 -> 774ee31bc40a50fac50c9cee90051f6b
========================================================================
Received Prepare
Caller must complete domain reload
Begin MonoManager ReloadAssembly
- Loaded All Assemblies, in  0.615 seconds
Native extension for WindowsStandalone target not found
Native extension for Android target not found
Mono: successfully reloaded assembly
- Finished resetting the current domain, in  1.440 seconds
Domain Reload Profiling: 2048ms
	BeginReloadAssembly (190ms)
		ExecutionOrderSort (0ms)
		DisableScriptedObjects (5ms)
		BackupInstance (0ms)
		ReleaseScriptingObjects (0ms)
		CreateAndSetChildDomain (31ms)
	RebuildCommonClasses (26ms)
	RebuildNativeTypeToScriptingClass (8ms)
	initialDomainReloadingComplete (53ms)
	LoadAllAssembliesAndSetupDomain (330ms)
		LoadAssemblies (435ms)
		RebuildTransferFunctionScriptingTraits (0ms)
		AnalyzeDomain (18ms)
			TypeCache.Refresh (7ms)
				TypeCache.ScanAssembly (0ms)
			ScanForSourceGeneratedMonoScriptInfo (5ms)
			ResolveRequiredComponents (4ms)
	FinalizeReload (1440ms)
		ReleaseScriptCaches (0ms)
		RebuildScriptCaches (0ms)
		SetupLoadedEditorAssemblies (296ms)
			LogAssemblyErrors (0ms)
			InitializePlatformSupportModulesInManaged (19ms)
			SetLoadedEditorAssemblies (3ms)
			RefreshPlugins (0ms)
			BeforeProcessingInitializeOnLoad (56ms)
			ProcessInitializeOnLoadAttributes (188ms)
			ProcessInitializeOnLoadMethodAttributes (15ms)
			AfterProcessingInitializeOnLoad (15ms)
			EditorAssembliesLoaded (0ms)
		ExecutionOrderSort2 (0ms)
		AwakeInstancesAfterBackupRestoration (7ms)
Refreshing native plugins compatible for Editor in 5.51 ms, found 3 plugins.
Preloading 0 native plugins for Editor in 0.00 ms.
Unloading 3247 Unused Serialized files (Serialized files now loaded: 0)
Unloading 14 unused Assets / (28.6 KB). Loaded Objects now: 3911.
Memory consumption went from 127.0 MB to 127.0 MB.
Total: 2.878600 ms (FindLiveObjects: 0.216200 ms CreateObjectMapping: 0.067400 ms MarkObjects: 2.557100 ms  DeleteObjects: 0.037100 ms)

Prepare: number of updated asset objects reloaded= 0
AssetImportParameters requested are different than current active one (requested -> active):
  custom:container-demuxer-ogg: 62fdf1f143b41e24485cea50d1cbac27 -> 
  custom:scripting/monoscript/fileName/GameTimer.cs: 597adb2d40d727b3faecea63fd0da384 -> 
  custom:video-codec-MediaFoundation-h265: 746d11721c4dcdbdad8f713fa42b33f4 -> 
  custom:video-decoder-ogg-theora: a1e56fd34408186e4bbccfd4996cb3dc -> 
  custom:framework-win-MediaFoundation: 216162199b28c13a410421893ffa2e32 -> 
  custom:scripting/monoscript/fileName/GameOver.cs: 204dcc333de1c17b944f34fa4337dc40 -> 
  custom:scripting/monoscript/fileName/GameTime.cs: 5f16f02791a2cec9842e09d157105dbe -> 
  custom:CustomObjectIndexerAttribute: 9a22284fe3817be447336de3de66b15e -> 
  custom:container-demuxer-webm: 4f35f7cbe854078d1ac9338744f61a02 -> 
  custom:container-muxer-webm: aa71ff27fc2769a1b78a27578f13a17b -> 
  custom:video-decoder-webm-vp8: 9c59270c3fd7afecdb556c50c9e8de78 -> 
  custom:SearchIndexIgnoredProperties: e643bd26f0fe6173181afceb89e7c659 -> 
  custom:AudioImporter_EditorPlatform: d09bf68614088b80899f8185d706f6e7 -> 
  custom:scripting/monoscript/fileName/TimeBlock.cs: ceab2db04e96b6a02699b0996bb3c7fc -> 
  custom:scripting/monoscript/fileName/RotateItem.cs: 250453c43e3a31d8443c3546984665c8 -> 
  custom:video-encoder-webm-vp8: eb34c28f22e8b96e1ab97ce403110664 -> 
  custom:audio-decoder-ogg-vorbis: bf7c407c2cedff20999df2af8eb42d56 -> 
  custom:audio-encoder-webm-vorbis: bf7c407c2cedff20999df2af8eb42d56 -> 
  custom:scripting/precompiled-assembly-types:Assembly-CSharp: 06a5fcda9f5f66575fc9e07b440491bd -> 774ee31bc40a50fac50c9cee90051f6b
========================================================================
Received Import Request.
  Time since last request: 21.821358 seconds.
  path: Assets/Code/GameOver.cs
  artifactKey: Guid(053eb362f53a16c469c450e50baf53e6) Importer(815301076,1909f56bfc062723c751e8b465ee728b)
Start importing Assets/Code/GameOver.cs using Guid(053eb362f53a16c469c450e50baf53e6) Importer(815301076,1909f56bfc062723c751e8b465ee728b) [PhysX] Initialized MultithreadedTaskDispatcher with 16 workers.
 -> (artifact id: 'f869532ec10bb266f1e74ae614c515db') in 0.007016 seconds
Number of updated asset objects reloaded before import = 0
Number of asset objects unloaded after import = 0
========================================================================
Received Prepare
Caller must complete domain reload
Begin MonoManager ReloadAssembly
- Loaded All Assemblies, in  0.633 seconds
Native extension for WindowsStandalone target not found
Native extension for Android target not found
Mono: successfully reloaded assembly
- Finished resetting the current domain, in  1.515 seconds
Domain Reload Profiling: 2140ms
	BeginReloadAssembly (205ms)
		ExecutionOrderSort (0ms)
		DisableScriptedObjects (6ms)
		BackupInstance (0ms)
		ReleaseScriptingObjects (0ms)
		CreateAndSetChildDomain (51ms)
	RebuildCommonClasses (24ms)
	RebuildNativeTypeToScriptingClass (7ms)
	initialDomainReloadingComplete (35ms)
	LoadAllAssembliesAndSetupDomain (353ms)
		LoadAssemblies (445ms)
		RebuildTransferFunctionScriptingTraits (0ms)
		AnalyzeDomain (21ms)
			TypeCache.Refresh (11ms)
				TypeCache.ScanAssembly (0ms)
			ScanForSourceGeneratedMonoScriptInfo (0ms)
			ResolveRequiredComponents (7ms)
	FinalizeReload (1515ms)
		ReleaseScriptCaches (0ms)
		RebuildScriptCaches (0ms)
		SetupLoadedEditorAssemblies (377ms)
			LogAssemblyErrors (0ms)
			InitializePlatformSupportModulesInManaged (29ms)
			SetLoadedEditorAssemblies (5ms)
			RefreshPlugins (0ms)
			BeforeProcessingInitializeOnLoad (68ms)
			ProcessInitializeOnLoadAttributes (243ms)
			ProcessInitializeOnLoadMethodAttributes (18ms)
			AfterProcessingInitializeOnLoad (13ms)
			EditorAssembliesLoaded (0ms)
		ExecutionOrderSort2 (0ms)
		AwakeInstancesAfterBackupRestoration (8ms)
Refreshing native plugins compatible for Editor in 7.00 ms, found 3 plugins.
Preloading 0 native plugins for Editor in 0.00 ms.
Unloading 3246 Unused Serialized files (Serialized files now loaded: 0)
Unloading 14 unused Assets / (28.5 KB). Loaded Objects now: 3915.
Memory consumption went from 126.7 MB to 126.7 MB.
Total: 3.815500 ms (FindLiveObjects: 0.560500 ms CreateObjectMapping: 0.182500 ms MarkObjects: 3.024400 ms  DeleteObjects: 0.047700 ms)

Prepare: number of updated asset objects reloaded= 0
AssetImportParameters requested are different than current active one (requested -> active):
  custom:container-demuxer-ogg: 62fdf1f143b41e24485cea50d1cbac27 -> 
  custom:scripting/monoscript/fileName/GameTimer.cs: 597adb2d40d727b3faecea63fd0da384 -> 
  custom:video-codec-MediaFoundation-h265: 746d11721c4dcdbdad8f713fa42b33f4 -> 
  custom:video-decoder-ogg-theora: a1e56fd34408186e4bbccfd4996cb3dc -> 
  custom:framework-win-MediaFoundation: 216162199b28c13a410421893ffa2e32 -> 
  custom:scripting/monoscript/fileName/GameOver.cs: 204dcc333de1c17b944f34fa4337dc40 -> 
  custom:scripting/monoscript/fileName/GameTime.cs: 5f16f02791a2cec9842e09d157105dbe -> 
  custom:CustomObjectIndexerAttribute: 9a22284fe3817be447336de3de66b15e -> 
  custom:container-demuxer-webm: 4f35f7cbe854078d1ac9338744f61a02 -> 
  custom:container-muxer-webm: aa71ff27fc2769a1b78a27578f13a17b -> 
  custom:video-decoder-webm-vp8: 9c59270c3fd7afecdb556c50c9e8de78 -> 
  custom:SearchIndexIgnoredProperties: e643bd26f0fe6173181afceb89e7c659 -> 
  custom:AudioImporter_EditorPlatform: d09bf68614088b80899f8185d706f6e7 -> 
  custom:scripting/monoscript/fileName/TimeBlock.cs: ceab2db04e96b6a02699b0996bb3c7fc -> 
  custom:scripting/monoscript/fileName/RotateItem.cs: 250453c43e3a31d8443c3546984665c8 -> 
  custom:video-encoder-webm-vp8: eb34c28f22e8b96e1ab97ce403110664 -> 
  custom:audio-decoder-ogg-vorbis: bf7c407c2cedff20999df2af8eb42d56 -> 
  custom:audio-encoder-webm-vorbis: bf7c407c2cedff20999df2af8eb42d56 -> 
  custom:scripting/precompiled-assembly-types:Assembly-CSharp: 06a5fcda9f5f66575fc9e07b440491bd -> 774ee31bc40a50fac50c9cee90051f6b
========================================================================
Received Import Request.
  Time since last request: 699.550166 seconds.
  path: Assets/PixelAssets/SimpleSky/Prefabs/Cloud_01.prefab
  artifactKey: Guid(09062dc0008857b46aaacdb7206f1453) Importer(815301076,1909f56bfc062723c751e8b465ee728b)
Start importing Assets/PixelAssets/SimpleSky/Prefabs/Cloud_01.prefab using Guid(09062dc0008857b46aaacdb7206f1453) Importer(815301076,1909f56bfc062723c751e8b465ee728b) [PhysX] Initialized MultithreadedTaskDispatcher with 16 workers.
[PhysX] Initialized MultithreadedTaskDispatcher with 16 workers.
 -> (artifact id: '9cfad6a97418ae92d762aef2533d9333') in 0.826800 seconds
Number of updated asset objects reloaded before import = 0
Number of asset objects unloaded after import = 9
========================================================================
Received Import Request.
  Time since last request: 0.000822 seconds.
  path: Assets/PixelAssets/SimpleSky/Prefabs/Cloud_06.prefab
  artifactKey: Guid(c2391e8a6bdf5424194b61e41952a40a) Importer(815301076,1909f56bfc062723c751e8b465ee728b)
Start importing Assets/PixelAssets/SimpleSky/Prefabs/Cloud_06.prefab using Guid(c2391e8a6bdf5424194b61e41952a40a) Importer(815301076,1909f56bfc062723c751e8b465ee728b) [PhysX] Initialized MultithreadedTaskDispatcher with 16 workers.
[PhysX] Initialized MultithreadedTaskDispatcher with 16 workers.
 -> (artifact id: 'dd9d204ee65b4b1c0ae3cd6597975aca') in 0.017032 seconds
Number of updated asset objects reloaded before import = 0
Number of asset objects unloaded after import = 9
========================================================================
Received Import Request.
  Time since last request: 0.000028 seconds.
  path: Assets/PixelAssets/SimpleSky/Prefabs/SkyDome.prefab
  artifactKey: Guid(d0223f77114284b47a0e8b317e71e4dc) Importer(815301076,1909f56bfc062723c751e8b465ee728b)
Start importing Assets/PixelAssets/SimpleSky/Prefabs/SkyDome.prefab using Guid(d0223f77114284b47a0e8b317e71e4dc) Importer(815301076,1909f56bfc062723c751e8b465ee728b) [PhysX] Initialized MultithreadedTaskDispatcher with 16 workers.
[PhysX] Initialized MultithreadedTaskDispatcher with 16 workers.
 -> (artifact id: '45972d023bd0a048cdc6204538a84964') in 0.021540 seconds
Number of updated asset objects reloaded before import = 0
Number of asset objects unloaded after import = 30
========================================================================
Received Import Request.
  Time since last request: 0.000015 seconds.
  path: Assets/PixelAssets/SimpleSky/Prefabs/Cloud_05.prefab
  artifactKey: Guid(c37b1ccfbc7ed274eb99f9d40e72c4e6) Importer(815301076,1909f56bfc062723c751e8b465ee728b)
Start importing Assets/PixelAssets/SimpleSky/Prefabs/Cloud_05.prefab using Guid(c37b1ccfbc7ed274eb99f9d40e72c4e6) Importer(815301076,1909f56bfc062723c751e8b465ee728b) [PhysX] Initialized MultithreadedTaskDispatcher with 16 workers.
[PhysX] Initialized MultithreadedTaskDispatcher with 16 workers.
 -> (artifact id: 'aca2590229a370ee02bf473a47ed0d30') in 0.011871 seconds
Number of updated asset objects reloaded before import = 0
Number of asset objects unloaded after import = 9
========================================================================
Received Import Request.
  Time since last request: 0.000015 seconds.
  path: Assets/PixelAssets/SimpleSky/Prefabs/Cloud_04.prefab
  artifactKey: Guid(420bde364644a314396dc8ed24ee99d6) Importer(815301076,1909f56bfc062723c751e8b465ee728b)
Start importing Assets/PixelAssets/SimpleSky/Prefabs/Cloud_04.prefab using Guid(420bde364644a314396dc8ed24ee99d6) Importer(815301076,1909f56bfc062723c751e8b465ee728b) [PhysX] Initialized MultithreadedTaskDispatcher with 16 workers.
[PhysX] Initialized MultithreadedTaskDispatcher with 16 workers.
 -> (artifact id: '2e7fc357e3dac5f2b048da51ab531b99') in 0.009095 seconds
Number of updated asset objects reloaded before import = 0
Number of asset objects unloaded after import = 9
========================================================================
Received Import Request.
  Time since last request: 0.000018 seconds.
  path: Assets/PixelAssets/SimpleSky/Prefabs/Cloud_03.prefab
  artifactKey: Guid(2df72ec125264584faa40cb1beef0481) Importer(815301076,1909f56bfc062723c751e8b465ee728b)
Start importing Assets/PixelAssets/SimpleSky/Prefabs/Cloud_03.prefab using Guid(2df72ec125264584faa40cb1beef0481) Importer(815301076,1909f56bfc062723c751e8b465ee728b) [PhysX] Initialized MultithreadedTaskDispatcher with 16 workers.
[PhysX] Initialized MultithreadedTaskDispatcher with 16 workers.
 -> (artifact id: '4ac563371fdf9375adf6029d4893770f') in 0.009251 seconds
Number of updated asset objects reloaded before import = 0
Number of asset objects unloaded after import = 9
========================================================================
Received Import Request.
  Time since last request: 4.674030 seconds.
  path: Assets/PixelAssets/SimpleSky/Textures/SimpleSky.png
  artifactKey: Guid(7bab9ac1487e10c40b9ed77d4c551e04) Importer(815301076,1909f56bfc062723c751e8b465ee728b)
Start importing Assets/PixelAssets/SimpleSky/Textures/SimpleSky.png using Guid(7bab9ac1487e10c40b9ed77d4c551e04) Importer(815301076,1909f56bfc062723c751e8b465ee728b) [PhysX] Initialized MultithreadedTaskDispatcher with 16 workers.
[PhysX] Initialized MultithreadedTaskDispatcher with 16 workers.
 -> (artifact id: 'c7da93c0c67dd565afeb173cfee8037c') in 0.112136 seconds
Number of updated asset objects reloaded before import = 0
Number of asset objects unloaded after import = 2
========================================================================
Received Import Request.
  Time since last request: 15.480011 seconds.
  path: Assets/PixelAssets/SimpleSky/Models/Cloud_02.fbx
  artifactKey: Guid(c943ee3841fcbd94d9630c5e4529b603) Importer(815301076,1909f56bfc062723c751e8b465ee728b)
Start importing Assets/PixelAssets/SimpleSky/Models/Cloud_02.fbx using Guid(c943ee3841fcbd94d9630c5e4529b603) Importer(815301076,1909f56bfc062723c751e8b465ee728b) [PhysX] Initialized MultithreadedTaskDispatcher with 16 workers.
[PhysX] Initialized MultithreadedTaskDispatcher with 16 workers.
[PhysX] Initialized MultithreadedTaskDispatcher with 16 workers.
 -> (artifact id: '095c87faf06e0f48336c0bbf9478ddf7') in 0.123001 seconds
Number of updated asset objects reloaded before import = 0
Number of asset objects unloaded after import = 7
========================================================================
Received Prepare
Caller must complete domain reload
Begin MonoManager ReloadAssembly
- Loaded All Assemblies, in  0.868 seconds
Native extension for WindowsStandalone target not found
Native extension for Android target not found
Mono: successfully reloaded assembly
- Finished resetting the current domain, in  1.593 seconds
Domain Reload Profiling: 2454ms
	BeginReloadAssembly (255ms)
		ExecutionOrderSort (0ms)
		DisableScriptedObjects (7ms)
		BackupInstance (0ms)
		ReleaseScriptingObjects (1ms)
		CreateAndSetChildDomain (70ms)
	RebuildCommonClasses (30ms)
	RebuildNativeTypeToScriptingClass (7ms)
	initialDomainReloadingComplete (44ms)
	LoadAllAssembliesAndSetupDomain (523ms)
		LoadAssemblies (644ms)
		RebuildTransferFunctionScriptingTraits (0ms)
		AnalyzeDomain (15ms)
			TypeCache.Refresh (5ms)
				TypeCache.ScanAssembly (0ms)
			ScanForSourceGeneratedMonoScriptInfo (0ms)
			ResolveRequiredComponents (8ms)
	FinalizeReload (1594ms)
		ReleaseScriptCaches (0ms)
		RebuildScriptCaches (0ms)
		SetupLoadedEditorAssemblies (388ms)
			LogAssemblyErrors (0ms)
			InitializePlatformSupportModulesInManaged (28ms)
			SetLoadedEditorAssemblies (5ms)
			RefreshPlugins (0ms)
			BeforeProcessingInitializeOnLoad (72ms)
			ProcessInitializeOnLoadAttributes (249ms)
			ProcessInitializeOnLoadMethodAttributes (20ms)
			AfterProcessingInitializeOnLoad (13ms)
			EditorAssembliesLoaded (0ms)
		ExecutionOrderSort2 (0ms)
		AwakeInstancesAfterBackupRestoration (8ms)
Refreshing native plugins compatible for Editor in 6.37 ms, found 3 plugins.
Preloading 0 native plugins for Editor in 0.00 ms.
Unloading 3246 Unused Serialized files (Serialized files now loaded: 0)
Unloading 13 unused Assets / (27.6 KB). Loaded Objects now: 3922.
Memory consumption went from 126.8 MB to 126.8 MB.
Total: 4.713200 ms (FindLiveObjects: 0.267400 ms CreateObjectMapping: 0.114700 ms MarkObjects: 4.286300 ms  DeleteObjects: 0.043900 ms)

Prepare: number of updated asset objects reloaded= 0
AssetImportParameters requested are different than current active one (requested -> active):
  custom:container-demuxer-ogg: 62fdf1f143b41e24485cea50d1cbac27 -> 
  custom:scripting/monoscript/fileName/GameTimer.cs: 597adb2d40d727b3faecea63fd0da384 -> 
  custom:video-codec-MediaFoundation-h265: 746d11721c4dcdbdad8f713fa42b33f4 -> 
  custom:video-decoder-ogg-theora: a1e56fd34408186e4bbccfd4996cb3dc -> 
  custom:framework-win-MediaFoundation: 216162199b28c13a410421893ffa2e32 -> 
  custom:scripting/monoscript/fileName/GameOver.cs: 204dcc333de1c17b944f34fa4337dc40 -> 
  custom:scripting/monoscript/fileName/GameTime.cs: 5f16f02791a2cec9842e09d157105dbe -> 
  custom:CustomObjectIndexerAttribute: 9a22284fe3817be447336de3de66b15e -> 
  custom:container-demuxer-webm: 4f35f7cbe854078d1ac9338744f61a02 -> 
  custom:container-muxer-webm: aa71ff27fc2769a1b78a27578f13a17b -> 
  custom:video-decoder-webm-vp8: 9c59270c3fd7afecdb556c50c9e8de78 -> 
  custom:SearchIndexIgnoredProperties: e643bd26f0fe6173181afceb89e7c659 -> 
  custom:AudioImporter_EditorPlatform: d09bf68614088b80899f8185d706f6e7 -> 
  custom:scripting/monoscript/fileName/TimeBlock.cs: ceab2db04e96b6a02699b0996bb3c7fc -> 
  custom:scripting/monoscript/fileName/RotateItem.cs: 250453c43e3a31d8443c3546984665c8 -> 
  custom:video-encoder-webm-vp8: eb34c28f22e8b96e1ab97ce403110664 -> 
  custom:audio-decoder-ogg-vorbis: bf7c407c2cedff20999df2af8eb42d56 -> 
  custom:audio-encoder-webm-vorbis: bf7c407c2cedff20999df2af8eb42d56 -> 
  custom:scripting/precompiled-assembly-types:Assembly-CSharp: 06a5fcda9f5f66575fc9e07b440491bd -> 774ee31bc40a50fac50c9cee90051f6b
========================================================================
Received Prepare
Caller must complete domain reload
Begin MonoManager ReloadAssembly
- Loaded All Assemblies, in  0.701 seconds
Native extension for WindowsStandalone target not found
Native extension for Android target not found
Mono: successfully reloaded assembly
- Finished resetting the current domain, in  1.477 seconds
Domain Reload Profiling: 2172ms
	BeginReloadAssembly (251ms)
		ExecutionOrderSort (0ms)
		DisableScriptedObjects (11ms)
		BackupInstance (0ms)
		ReleaseScriptingObjects (1ms)
		CreateAndSetChildDomain (66ms)
	RebuildCommonClasses (27ms)
	RebuildNativeTypeToScriptingClass (7ms)
	initialDomainReloadingComplete (40ms)
	LoadAllAssembliesAndSetupDomain (370ms)
		LoadAssemblies (444ms)
		RebuildTransferFunctionScriptingTraits (0ms)
		AnalyzeDomain (45ms)
			TypeCache.Refresh (20ms)
				TypeCache.ScanAssembly (1ms)
			ScanForSourceGeneratedMonoScriptInfo (10ms)
			ResolveRequiredComponents (13ms)
	FinalizeReload (1477ms)
		ReleaseScriptCaches (0ms)
		RebuildScriptCaches (0ms)
		SetupLoadedEditorAssemblies (361ms)
			LogAssemblyErrors (0ms)
			InitializePlatformSupportModulesInManaged (28ms)
			SetLoadedEditorAssemblies (4ms)
			RefreshPlugins (0ms)
			BeforeProcessingInitializeOnLoad (65ms)
			ProcessInitializeOnLoadAttributes (230ms)
			ProcessInitializeOnLoadMethodAttributes (18ms)
			AfterProcessingInitializeOnLoad (16ms)
			EditorAssembliesLoaded (0ms)
		ExecutionOrderSort2 (0ms)
		AwakeInstancesAfterBackupRestoration (8ms)
Refreshing native plugins compatible for Editor in 5.52 ms, found 3 plugins.
Preloading 0 native plugins for Editor in 0.00 ms.
Unloading 3328 Unused Serialized files (Serialized files now loaded: 0)
Unloading 17 unused Assets / (174.0 KB). Loaded Objects now: 4004.
Memory consumption went from 129.5 MB to 129.4 MB.
Total: 5.240200 ms (FindLiveObjects: 0.592600 ms CreateObjectMapping: 0.061700 ms MarkObjects: 4.437100 ms  DeleteObjects: 0.147900 ms)

Prepare: number of updated asset objects reloaded= 0
AssetImportParameters requested are different than current active one (requested -> active):
  custom:scripting/monoscript/fileName/StyledEnum.cs: cf4e9053177bc0faddc80d2c05aeaa94 -> 
  custom:scripting/monoscript/fileName/StyledMessageDrawer.cs: 20992691c2fe23b50383424cf7a26b82 -> 
  custom:scripting/monoscript/fileName/NoteboxInspector.cs: a0270263dc4ab3106c84ee75de129035 -> 
  custom:container-demuxer-ogg: 62fdf1f143b41e24485cea50d1cbac27 -> 
  custom:scripting/monoscript/fileName/Notebox.cs: 1568f20246dc2b63286048fd45599914 -> 
  custom:scripting/monoscript/fileName/GameTimer.cs: 597adb2d40d727b3faecea63fd0da384 -> 
  custom:video-codec-MediaFoundation-h265: 746d11721c4dcdbdad8f713fa42b33f4 -> 
  custom:scripting/monoscript/fileName/LoadSettingsData.cs: 0a2a5dcc0d8c6dbc76cd8b02c39ed811 -> 
  custom:scripting/monoscript/fileName/DrawInspectorBanner.cs: 9587624fa9133f897063690bbf7e7226 -> 
  custom:scripting/monoscript/fileName/StyledTextDrawer.cs: d8f6222dc08ae6d490686afd58ca144e -> 
  custom:scripting/monoscript/fileName/StyledKeywordInvertedDrawer.cs: 556999d1ded8edf917795ec1bd336714 -> 
  custom:video-decoder-ogg-theora: a1e56fd34408186e4bbccfd4996cb3dc -> 
  custom:scripting/monoscript/fileName/DrawWindowCategory.cs: 9587624fa9133f897063690bbf7e7226 -> 
  custom:framework-win-MediaFoundation: 216162199b28c13a410421893ffa2e32 -> 
  custom:scripting/monoscript/fileName/StyledEnumDrawer.cs: 2cf617b1db144ddbca03d98feca25c96 -> 
  custom:scripting/monoscript/fileName/GameOver.cs: 204dcc333de1c17b944f34fa4337dc40 -> 
  custom:scripting/monoscript/fileName/DrawTexturePreview.cs: 9587624fa9133f897063690bbf7e7226 -> 
  custom:scripting/monoscript/fileName/StyledMaskDrawer.cs: 15cfdca36a0e036f7c50405d6fd2f1fc -> 
  custom:scripting/precompiled-assembly-types:Boxophobic.Utils.Editor: d7809c737757ee6fe57dd47aa8a8d904 -> 
  custom:scripting/monoscript/fileName/GameTime.cs: 5f16f02791a2cec9842e09d157105dbe -> 
  custom:scripting/monoscript/fileName/StyledBanner.cs: 1fa36bded75bcc83389a35a38a24700d -> 
  custom:scripting/monoscript/fileName/StyledVectorDrawer.cs: 62a17712eb06f5707d9322c3ab33eb93 -> 
  custom:CustomObjectIndexerAttribute: 9a22284fe3817be447336de3de66b15e -> 
  custom:scripting/monoscript/fileName/StyledInteractive.cs: 0697e560670ed4999657403ac08ef097 -> 
  custom:scripting/monoscript/fileName/SceneSwitch.cs: 0ec92c5f847cd88099b23d7629fb8390 -> 
  custom:scripting/monoscript/fileName/StyledCategoryDrawer.cs: db8756881335f421d811372005190bb8 -> 
  custom:container-demuxer-webm: 4f35f7cbe854078d1ac9338744f61a02 -> 
  custom:scripting/monoscript/fileName/StyledOptionsSliderDrawer.cs: c046d1c06395c9490169074f7ce40942 -> 
  custom:scripting/monoscript/fileName/StyledButtonDrawer.cs: eb4cf86b17171b3614656cf46526596b -> 
  custom:scripting/monoscript/fileName/StyledTextureSingleLineDrawer.cs: eb30538f530c1c3eada93d9dbf5fdb98 -> 
  custom:scripting/monoscript/fileName/StyledIndent.cs: dbeaf677ec914da5702f1914cce99c49 -> 
  custom:scripting/monoscript/fileName/StyledMessage.cs: e9fafad453f7d1b335f7469da20954f2 -> 
  custom:scripting/monoscript/fileName/StyledCategory.cs: 8e7cf59655eb4a73d19619670d6e860a -> 
  custom:scripting/monoscript/fileName/StyledInteractiveDrawer.cs: ce19a4193f95944d4aa65f1552a65020 -> 
  custom:scripting/monoscript/fileName/SkyboxExtendedShaderGUI.cs: 2733d78ef7767017cab0c937ae86a3fb -> 
  custom:scripting/monoscript/fileName/StyledMonoBehaviourEditor.cs: 55385ad0841100782ff0c99fe0a67fab -> 
  custom:container-muxer-webm: aa71ff27fc2769a1b78a27578f13a17b -> 
  custom:scripting/monoscript/fileName/StyledRangeOptions.cs: 847e8c63e564d7b3b0bcb2f213f5777f -> 
  custom:scripting/monoscript/fileName/StyledSpaceDrawer.cs: ae04b719ad6aff3b2aeb344e30967f08 -> 
  custom:scripting/precompiled-assembly-types:Boxophobic.Utils.Scripts: d2f6bbae5c8ae90d2cf7ccb318274cdc -> 
  custom:scripting/monoscript/fileName/StyledBannerDrawer.cs: 9111b4ae69b4059a71d5d27afb1f49c8 -> 
  custom:video-decoder-webm-vp8: 9c59270c3fd7afecdb556c50c9e8de78 -> 
  custom:scripting/monoscript/fileName/StyledLabelGizmo.cs: 272464a11ea720827ce6fbc9495dcd01 -> 
  custom:scripting/monoscript/fileName/Constant.cs: 580c4670fcd981fe71747adc3c7b76a2 -> 
  custom:scripting/monoscript/fileName/CamController.cs: 4fa30af1baaa583581faad48aede94b0 -> 
  custom:SearchIndexIgnoredProperties: e643bd26f0fe6173181afceb89e7c659 -> 
  custom:scripting/monoscript/fileName/StyledColoringDrawer.cs: cbe520fa5325e313888160261335ceaf -> 
  custom:AudioImporter_EditorPlatform: d09bf68614088b80899f8185d706f6e7 -> 
  custom:scripting/monoscript/fileName/StyledVector2Drawer.cs: 38bdacdd1ef58c7c533ed5aa4e1a8cf2 -> 
  custom:scripting/monoscript/fileName/NPCController.cs: 1ae42eb3b06be6ef652a09f4ffdbedf9 -> 
  custom:scripting/monoscript/fileName/StyledSpace.cs: 5f16ec5dfe2e6caceb850dec2c2ca3fc -> 
  custom:scripting/monoscript/fileName/StyledScriptableObjectEditor.cs: 9509d87d39724722d6132e74bf674184 -> 
  custom:scripting/monoscript/fileName/StyledText.cs: ccc1b39c79ddaed665fd78f020bc6a03 -> 
  custom:scripting/monoscript/fileName/StyledMask.cs: 4678f577def2678967fb4ffa6b2ba653 -> 
  custom:scripting/precompiled-assembly-types:Boxophobic.SkyboxCubemapExtended.Editor: 144123160c9447ca6564d706c000dc25 -> 
  custom:scripting/monoscript/fileName/StyledDiffusionMaterialDrawer.cs: eee2b6b0e2e39a0dff06a2e0bf1fb510 -> 
  custom:scripting/monoscript/fileName/StyledRemapSliderDrawer.cs: 47767373de4aebbee7d359c1ef1cc6a6 -> 
  custom:scripting/monoscript/fileName/StyledTextureDrawer.cs: 5869ea90bdbd2de83912dbc298b41b1a -> 
  custom:scripting/monoscript/fileName/StyledTexturePreview.cs: 793de234aad21816ed93b8494e1dec14 -> 
  custom:scripting/monoscript/fileName/TimeBlock.cs: ceab2db04e96b6a02699b0996bb3c7fc -> 
  custom:scripting/monoscript/fileName/StyledIndentDrawer.cs: 62715c0c2eef8b1304139febfa740d3c -> 
  custom:scripting/monoscript/fileName/RotateItem.cs: 250453c43e3a31d8443c3546984665c8 -> 
  custom:scripting/monoscript/fileName/StyledKeywordDrawer.cs: f9be08bb217d4e360d2558bb3b428559 -> 
  custom:scripting/monoscript/fileName/StyledEmissiveIntensityDrawer.cs: 27f4a08f607831211f7e91b685c4ae40 -> 
  custom:scripting/monoscript/fileName/StyledHeaderDrawer.cs: d12dc4391ca70f94ce42686845bd6f8f -> 
  custom:scripting/monoscript/fileName/SettingsData.cs: 68a73980b9427633cbad76ebd63a5b24 -> 
  custom:scripting/monoscript/fileName/StyledDisplayDrawer.cs: fc4c3a3f686e3a4b1f6965c74a0ee946 -> 
  custom:scripting/monoscript/fileName/StyledVector3Drawer.cs: ed22463ed954654e6da44d4e73013991 -> 
  custom:video-encoder-webm-vp8: eb34c28f22e8b96e1ab97ce403110664 -> 
  custom:audio-decoder-ogg-vorbis: bf7c407c2cedff20999df2af8eb42d56 -> 
  custom:scripting/monoscript/fileName/DrawWindowBanner.cs: 9587624fa9133f897063690bbf7e7226 -> 
  custom:scripting/monoscript/fileName/StyledButton.cs: 9a1c2a45c1a37e41ae8464019a64708d -> 
  custom:scripting/monoscript/fileName/StyledLayersDrawer.cs: 8d23c9248cb647451e6f07d4c948eadb -> 
  custom:scripting/monoscript/fileName/StyledLayers.cs: 20b6ea0c065e716761a79565692c083a -> 
  custom:scripting/monoscript/fileName/StyledVector4Drawer.cs: bc04d9aeb4ac29363f2ad473edddd77d -> 
  custom:scripting/monoscript/fileName/StyledToggleDrawer.cs: fa32f0d948779827300f154d8afe8a43 -> 
  custom:scripting/monoscript/fileName/StyledDisplay.cs: 1be847f1e5c6bfdc84095c1064fa9620 -> 
  custom:scripting/monoscript/fileName/DrawInspectorCategory.cs: 9587624fa9133f897063690bbf7e7226 -> 
  custom:scripting/monoscript/fileName/StyledScriptableObject.cs: b76588d98ad28347e1e62156e8defcbe -> 
  custom:scripting/monoscript/fileName/StyledTexturePreviewDrawer.cs: 7417ab5584a7da8fe60faa208fb88af7 -> 
  custom:scripting/monoscript/fileName/Utility.cs: 299d87a443400448b7bebfba580f421d -> 
  custom:audio-encoder-webm-vorbis: bf7c407c2cedff20999df2af8eb42d56 -> 
  custom:scripting/monoscript/fileName/FPSController.cs: faf4d2b6baae45cd959a088c6a47a9bb -> 
  custom:scripting/monoscript/fileName/SkyboxExtendedWindows.cs: 7df32776fa3d173840e1b93fd3f16e37 -> 
  custom:scripting/precompiled-assembly-types:Assembly-CSharp: 06a5fcda9f5f66575fc9e07b440491bd -> 774ee31bc40a50fac50c9cee90051f6b
  custom:scripting/monoscript/fileName/StyledMonoBehaviour.cs: 3be224fd1c8d0edeedfe9cf261c631c4 -> 
  custom:scripting/monoscript/fileName/StyledRangeOptionsDrawer.cs: bfa83081b223cb3aca05e471b3387471 -> 
  custom:scripting/monoscript/fileName/SaveSettingsData.cs: 0a2a5dcc0d8c6dbc76cd8b02c39ed811 -> 
  custom:scripting/monoscript/fileName/DrawInspectorHeader.cs: 9587624fa9133f897063690bbf7e7226 -> 
========================================================================
Received Prepare
Assembly with name 'Boxophobic.Utils.Scripts' already exists (Assets/PixelAssets/BOXOPHOBIC/Utils/Scripts/Boxophobic.Utils.Scripts.asmdef)
Assembly with name 'Boxophobic.Utils.Scripts' already exists (Assets/BOXOPHOBIC/Utils/Scripts/Boxophobic.Utils.Scripts.asmdef)
Assembly with name 'Boxophobic.Utils.Editor' already exists (Assets/BOXOPHOBIC/Utils/Editor/Boxophobic.Utils.Editor.asmdef)
Assembly with name 'Boxophobic.Utils.Editor' already exists (Assets/PixelAssets/BOXOPHOBIC/Utils/Editor/Boxophobic.Utils.Editor.asmdef)
Assembly with name 'Boxophobic.SkyboxCubemapExtended.Editor' already exists (Assets/PixelAssets/BOXOPHOBIC/Skybox Cubemap Extended/Core/Editor/Boxophobic.SkyboxCubemapExtended.Editor.asmdef)
Assembly with name 'Boxophobic.SkyboxCubemapExtended.Editor' already exists (Assets/BOXOPHOBIC/Skybox Cubemap Extended/Core/Editor/Boxophobic.SkyboxCubemapExtended.Editor.asmdef)
Caller must complete domain reload
Assembly with name 'Boxophobic.Utils.Scripts' already exists (Assets/PixelAssets/BOXOPHOBIC/Utils/Scripts/Boxophobic.Utils.Scripts.asmdef)
Assembly with name 'Boxophobic.Utils.Scripts' already exists (Assets/BOXOPHOBIC/Utils/Scripts/Boxophobic.Utils.Scripts.asmdef)
Assembly with name 'Boxophobic.Utils.Editor' already exists (Assets/BOXOPHOBIC/Utils/Editor/Boxophobic.Utils.Editor.asmdef)
Assembly with name 'Boxophobic.Utils.Editor' already exists (Assets/PixelAssets/BOXOPHOBIC/Utils/Editor/Boxophobic.Utils.Editor.asmdef)
Assembly with name 'Boxophobic.SkyboxCubemapExtended.Editor' already exists (Assets/PixelAssets/BOXOPHOBIC/Skybox Cubemap Extended/Core/Editor/Boxophobic.SkyboxCubemapExtended.Editor.asmdef)
Assembly with name 'Boxophobic.SkyboxCubemapExtended.Editor' already exists (Assets/BOXOPHOBIC/Skybox Cubemap Extended/Core/Editor/Boxophobic.SkyboxCubemapExtended.Editor.asmdef)
Begin MonoManager ReloadAssembly
- Loaded All Assemblies, in  0.457 seconds
Native extension for WindowsStandalone target not found
Native extension for Android target not found
Assembly with name 'Boxophobic.Utils.Scripts' already exists (Assets/PixelAssets/BOXOPHOBIC/Utils/Scripts/Boxophobic.Utils.Scripts.asmdef)
Assembly with name 'Boxophobic.Utils.Scripts' already exists (Assets/BOXOPHOBIC/Utils/Scripts/Boxophobic.Utils.Scripts.asmdef)
Assembly with name 'Boxophobic.Utils.Editor' already exists (Assets/BOXOPHOBIC/Utils/Editor/Boxophobic.Utils.Editor.asmdef)
Assembly with name 'Boxophobic.Utils.Editor' already exists (Assets/PixelAssets/BOXOPHOBIC/Utils/Editor/Boxophobic.Utils.Editor.asmdef)
Assembly with name 'Boxophobic.SkyboxCubemapExtended.Editor' already exists (Assets/PixelAssets/BOXOPHOBIC/Skybox Cubemap Extended/Core/Editor/Boxophobic.SkyboxCubemapExtended.Editor.asmdef)
Assembly with name 'Boxophobic.SkyboxCubemapExtended.Editor' already exists (Assets/BOXOPHOBIC/Skybox Cubemap Extended/Core/Editor/Boxophobic.SkyboxCubemapExtended.Editor.asmdef)
Mono: successfully reloaded assembly
- Finished resetting the current domain, in  0.863 seconds
Domain Reload Profiling: 1314ms
	BeginReloadAssembly (147ms)
		ExecutionOrderSort (0ms)
		DisableScriptedObjects (4ms)
		BackupInstance (0ms)
		ReleaseScriptingObjects (0ms)
		CreateAndSetChildDomain (25ms)
	RebuildCommonClasses (29ms)
	RebuildNativeTypeToScriptingClass (7ms)
	initialDomainReloadingComplete (32ms)
	LoadAllAssembliesAndSetupDomain (235ms)
		LoadAssemblies (302ms)
		RebuildTransferFunctionScriptingTraits (0ms)
		AnalyzeDomain (20ms)
			TypeCache.Refresh (8ms)
				TypeCache.ScanAssembly (1ms)
			ScanForSourceGeneratedMonoScriptInfo (7ms)
			ResolveRequiredComponents (4ms)
	FinalizeReload (863ms)
		ReleaseScriptCaches (0ms)
		RebuildScriptCaches (0ms)
		SetupLoadedEditorAssemblies (303ms)
			LogAssemblyErrors (0ms)
			InitializePlatformSupportModulesInManaged (17ms)
			SetLoadedEditorAssemblies (3ms)
			RefreshPlugins (0ms)
			BeforeProcessingInitializeOnLoad (70ms)
			ProcessInitializeOnLoadAttributes (188ms)
			ProcessInitializeOnLoadMethodAttributes (14ms)
			AfterProcessingInitializeOnLoad (11ms)
			EditorAssembliesLoaded (0ms)
		ExecutionOrderSort2 (0ms)
		AwakeInstancesAfterBackupRestoration (6ms)
Refreshing native plugins compatible for Editor in 4.45 ms, found 3 plugins.
Preloading 0 native plugins for Editor in 0.00 ms.
Unloading 3328 Unused Serialized files (Serialized files now loaded: 0)
Unloading 17 unused Assets / (174.0 KB). Loaded Objects now: 4008.
Memory consumption went from 129.6 MB to 129.4 MB.
Total: 2.307400 ms (FindLiveObjects: 0.232400 ms CreateObjectMapping: 0.069200 ms MarkObjects: 1.884200 ms  DeleteObjects: 0.120700 ms)

Prepare: number of updated asset objects reloaded= 0
AssetImportParameters requested are different than current active one (requested -> active):
  custom:scripting/monoscript/fileName/StyledEnum.cs: f32e1bc9bd43f47152107ef3a169056d -> 
  custom:scripting/monoscript/fileName/StyledMessageDrawer.cs: 01ece371f207bec3ddfddf68a6052700 -> 
  custom:scripting/monoscript/fileName/NoteboxInspector.cs: db420d7d25cb1e87edbc76c09aa918e2 -> 
  custom:container-demuxer-ogg: 62fdf1f143b41e24485cea50d1cbac27 -> 
  custom:scripting/monoscript/fileName/Notebox.cs: 8cef0a6036b0323d6da63d0d0934e912 -> 
  custom:scripting/monoscript/fileName/GameTimer.cs: 597adb2d40d727b3faecea63fd0da384 -> 
  custom:video-codec-MediaFoundation-h265: 746d11721c4dcdbdad8f713fa42b33f4 -> 
  custom:scripting/monoscript/fileName/LoadSettingsData.cs: 05004e4b03c65e869567675e16730d09 -> 
  custom:scripting/monoscript/fileName/DrawInspectorBanner.cs: 870199d21eac18ae7e662099ba33b3eb -> 
  custom:scripting/monoscript/fileName/StyledTextDrawer.cs: 3af0d13a74cf016e23caa03081ec4ff9 -> 
  custom:scripting/monoscript/fileName/StyledKeywordInvertedDrawer.cs: 0c7df96d283ab3893c0163646b0cd513 -> 
  custom:video-decoder-ogg-theora: a1e56fd34408186e4bbccfd4996cb3dc -> 
  custom:scripting/monoscript/fileName/DrawWindowCategory.cs: 870199d21eac18ae7e662099ba33b3eb -> 
  custom:framework-win-MediaFoundation: 216162199b28c13a410421893ffa2e32 -> 
  custom:scripting/monoscript/fileName/StyledEnumDrawer.cs: f1583bc07429f2b3554f7af326966840 -> 
  custom:scripting/monoscript/fileName/GameOver.cs: 204dcc333de1c17b944f34fa4337dc40 -> 
  custom:scripting/monoscript/fileName/DrawTexturePreview.cs: 870199d21eac18ae7e662099ba33b3eb -> 
  custom:scripting/monoscript/fileName/StyledMaskDrawer.cs: 77e87689c84def4efbc0d313e4ca3e5d -> 
  custom:scripting/precompiled-assembly-types:Boxophobic.Utils.Editor: 8e882ed52dbcd5f5f084f45202c42b80 -> 
  custom:scripting/monoscript/fileName/GameTime.cs: 5f16f02791a2cec9842e09d157105dbe -> 
  custom:scripting/monoscript/fileName/StyledBanner.cs: d5457ac6f063a7a2752667589c598593 -> 
  custom:scripting/monoscript/fileName/StyledVectorDrawer.cs: 02899ce749ac65f362a650a46132db8d -> 
  custom:CustomObjectIndexerAttribute: 9a22284fe3817be447336de3de66b15e -> 
  custom:scripting/monoscript/fileName/StyledInteractive.cs: a09606f27f0e4b395f6acff18d0838af -> 
  custom:scripting/monoscript/fileName/SceneSwitch.cs: 14182ed75e90c54a8458b830d06a9c8f -> 
  custom:scripting/monoscript/fileName/StyledCategoryDrawer.cs: fb1e76d968a20443dfc9fe3a3c578493 -> 
  custom:container-demuxer-webm: 4f35f7cbe854078d1ac9338744f61a02 -> 
  custom:scripting/monoscript/fileName/StyledOptionsSliderDrawer.cs: 11bf5207cbe6ca284890c9520d0218b5 -> 
  custom:scripting/monoscript/fileName/StyledButtonDrawer.cs: b787b5be0f4bf7bc0602ae3a18d28c5a -> 
  custom:scripting/monoscript/fileName/StyledTextureSingleLineDrawer.cs: ab5605266a13b26646d2f35b7a23f95d -> 
  custom:scripting/monoscript/fileName/StyledIndent.cs: 506a9ee60196d1238435fd3e0c05fa3d -> 
  custom:scripting/monoscript/fileName/StyledMessage.cs: 0daed577d9f0802906555766e60f7827 -> 
  custom:scripting/monoscript/fileName/StyledCategory.cs: 9f92543f6c2bde2ca8d0426cd8e5973a -> 
  custom:scripting/monoscript/fileName/StyledInteractiveDrawer.cs: eae185d77edb3faa4d2f00869675ed46 -> 
  custom:scripting/monoscript/fileName/SkyboxExtendedShaderGUI.cs: fe7b5df5b4c12387ad32930df881be83 -> 
  custom:scripting/monoscript/fileName/StyledMonoBehaviourEditor.cs: a1735bb637070af54ff7b9cb451eb395 -> 
  custom:container-muxer-webm: aa71ff27fc2769a1b78a27578f13a17b -> 
  custom:scripting/monoscript/fileName/StyledRangeOptions.cs: aaa64b2cfc5da1023cee5566bcf74e85 -> 
  custom:scripting/monoscript/fileName/StyledSpaceDrawer.cs: 550bdf4e2dc0233c35b2550ed88f8d4a -> 
  custom:scripting/precompiled-assembly-types:Boxophobic.Utils.Scripts: 869e33176870980df694c992be5e6d53 -> 
  custom:scripting/monoscript/fileName/StyledBannerDrawer.cs: 473a784ef05d85e7cafb78fd31f4d13a -> 
  custom:video-decoder-webm-vp8: 9c59270c3fd7afecdb556c50c9e8de78 -> 
  custom:scripting/monoscript/fileName/StyledLabelGizmo.cs: 57456e113ca7314908a46c6a90bc4101 -> 
  custom:scripting/monoscript/fileName/Constant.cs: 49cca4894fb096b57c54b7b874fda449 -> 
  custom:scripting/monoscript/fileName/CamController.cs: a2dca0fc1faab09f52b1939288321ad3 -> 
  custom:SearchIndexIgnoredProperties: e643bd26f0fe6173181afceb89e7c659 -> 
  custom:scripting/monoscript/fileName/StyledColoringDrawer.cs: a5189881a1e6f8693b55f75112ede09f -> 
  custom:AudioImporter_EditorPlatform: d09bf68614088b80899f8185d706f6e7 -> 
  custom:scripting/monoscript/fileName/StyledVector2Drawer.cs: f877f79ea27fb1f005cf97717f8c0c9c -> 
  custom:scripting/monoscript/fileName/NPCController.cs: 38de35aaf98ee54279faadf94ebc9107 -> 
  custom:scripting/monoscript/fileName/StyledSpace.cs: 7b32d0b056bfa950760fc1b9cc3c709a -> 
  custom:scripting/monoscript/fileName/StyledScriptableObjectEditor.cs: 492554c700dccea8e2786aecd9dd7a15 -> 
  custom:scripting/monoscript/fileName/StyledText.cs: 03a4db86ebe46057018651908ecfc205 -> 
  custom:scripting/monoscript/fileName/StyledMask.cs: 4db75cea930925e1263c5c24f2b4948e -> 
  custom:scripting/precompiled-assembly-types:Boxophobic.SkyboxCubemapExtended.Editor: 395d5c05b48075e316f9f216672d3390 -> 
  custom:scripting/monoscript/fileName/StyledDiffusionMaterialDrawer.cs: 8429b13d81bd72eef349885886500df2 -> 
  custom:scripting/monoscript/fileName/StyledRemapSliderDrawer.cs: 594cea6023702f1ef7ab8f562ccd628c -> 
  custom:scripting/monoscript/fileName/StyledTextureDrawer.cs: 8a4b8bc8007a808910f9fb9ecd2b7f36 -> 
  custom:scripting/monoscript/fileName/StyledTexturePreview.cs: b5dec9d7b28ce40cdab7fd48fedcf48a -> 
  custom:scripting/monoscript/fileName/TimeBlock.cs: ceab2db04e96b6a02699b0996bb3c7fc -> 
  custom:scripting/monoscript/fileName/StyledIndentDrawer.cs: e9c9fb0b1d2990084010be466415db45 -> 
  custom:scripting/monoscript/fileName/RotateItem.cs: 250453c43e3a31d8443c3546984665c8 -> 
  custom:scripting/monoscript/fileName/StyledKeywordDrawer.cs: 9a35464984c3d25866e6b97f6fec8c8b -> 
  custom:scripting/monoscript/fileName/StyledEmissiveIntensityDrawer.cs: 67091f9b07ad45a3addf57d96a641d3f -> 
  custom:scripting/monoscript/fileName/StyledHeaderDrawer.cs: 6e22b49d13813c15d2cc546c583a2434 -> 
  custom:scripting/monoscript/fileName/SettingsData.cs: 715419ceed4223fac3e541d4577f4a6d -> 
  custom:scripting/monoscript/fileName/StyledDisplayDrawer.cs: 63b486d256ab4eeb678024b49c9cb93e -> 
  custom:scripting/monoscript/fileName/StyledVector3Drawer.cs: 64f1bd53aadcb12fd7791c1e1a870c82 -> 
  custom:video-encoder-webm-vp8: eb34c28f22e8b96e1ab97ce403110664 -> 
  custom:audio-decoder-ogg-vorbis: bf7c407c2cedff20999df2af8eb42d56 -> 
  custom:scripting/monoscript/fileName/DrawWindowBanner.cs: 870199d21eac18ae7e662099ba33b3eb -> 
  custom:scripting/monoscript/fileName/StyledButton.cs: dffa88caeb123e2403b2b8dc06738298 -> 
  custom:scripting/monoscript/fileName/StyledLayersDrawer.cs: 36ff4f431ebccf6f8031bc413c3ab993 -> 
  custom:scripting/monoscript/fileName/StyledLayers.cs: c7505a286af7175d597ac3dd0aa5b762 -> 
  custom:scripting/monoscript/fileName/StyledVector4Drawer.cs: 527039bb5d47fe4a7f935411cb34d4f8 -> 
  custom:scripting/monoscript/fileName/StyledToggleDrawer.cs: e67d2722808a6ef8da776e3261d49a44 -> 
  custom:scripting/monoscript/fileName/StyledDisplay.cs: 37295d1ef64b594a575fd6a98bd92a8c -> 
  custom:scripting/monoscript/fileName/DrawInspectorCategory.cs: 870199d21eac18ae7e662099ba33b3eb -> 
  custom:scripting/monoscript/fileName/StyledScriptableObject.cs: d70c046903d698cc52ab62b2a0896d15 -> 
  custom:scripting/monoscript/fileName/StyledTexturePreviewDrawer.cs: 290bd153856986c3176a1044dd87fa28 -> 
  custom:scripting/monoscript/fileName/Utility.cs: 7cf682210e9f005b5b0e56f4876655c8 -> 
  custom:audio-encoder-webm-vorbis: bf7c407c2cedff20999df2af8eb42d56 -> 
  custom:scripting/monoscript/fileName/FPSController.cs: fd83a14228b5d408bce5a1e7af965f3e -> 
  custom:scripting/monoscript/fileName/SkyboxExtendedWindows.cs: 50c955494a86b95f27d184e9ffc13609 -> 
  custom:scripting/precompiled-assembly-types:Assembly-CSharp: 06a5fcda9f5f66575fc9e07b440491bd -> 774ee31bc40a50fac50c9cee90051f6b
  custom:scripting/monoscript/fileName/StyledMonoBehaviour.cs: 6c7a9f06121f414c939be94dc824a469 -> 
  custom:scripting/monoscript/fileName/StyledRangeOptionsDrawer.cs: 4926c0ca49f5a436fc8eafebbb97a5c6 -> 
  custom:scripting/monoscript/fileName/SaveSettingsData.cs: 05004e4b03c65e869567675e16730d09 -> 
  custom:scripting/monoscript/fileName/DrawInspectorHeader.cs: 870199d21eac18ae7e662099ba33b3eb -> 
========================================================================
Received Prepare
Assembly with name 'Boxophobic.SkyboxCubemapExtended.Editor' already exists (Assets/PixelAssets/SkyBox/Skybox Cubemap Extended/Core/Editor/Boxophobic.SkyboxCubemapExtended.Editor.asmdef)
Assembly with name 'Boxophobic.SkyboxCubemapExtended.Editor' already exists (Assets/BOXOPHOBIC/Skybox Cubemap Extended/Core/Editor/Boxophobic.SkyboxCubemapExtended.Editor.asmdef)
Assembly with name 'Boxophobic.Utils.Scripts' already exists (Assets/PixelAssets/BOXOPHOBIC/Utils/Scripts/Boxophobic.Utils.Scripts.asmdef)
Assembly with name 'Boxophobic.Utils.Scripts' already exists (Assets/BOXOPHOBIC/Utils/Scripts/Boxophobic.Utils.Scripts.asmdef)
Assembly with name 'Boxophobic.Utils.Editor' already exists (Assets/BOXOPHOBIC/Utils/Editor/Boxophobic.Utils.Editor.asmdef)
Assembly with name 'Boxophobic.Utils.Editor' already exists (Assets/PixelAssets/SkyBox/Utils/Editor/Boxophobic.Utils.Editor.asmdef)
Assembly with name 'Boxophobic.Utils.Scripts' already exists (Assets/PixelAssets/SkyBox/Utils/Scripts/Boxophobic.Utils.Scripts.asmdef)
Assembly with name 'Boxophobic.Utils.Scripts' already exists (Assets/BOXOPHOBIC/Utils/Scripts/Boxophobic.Utils.Scripts.asmdef)
Assembly with name 'Boxophobic.Utils.Editor' already exists (Assets/PixelAssets/BOXOPHOBIC/Utils/Editor/Boxophobic.Utils.Editor.asmdef)
Assembly with name 'Boxophobic.Utils.Editor' already exists (Assets/PixelAssets/SkyBox/Utils/Editor/Boxophobic.Utils.Editor.asmdef)
Assembly with name 'Boxophobic.SkyboxCubemapExtended.Editor' already exists (Assets/PixelAssets/BOXOPHOBIC/Skybox Cubemap Extended/Core/Editor/Boxophobic.SkyboxCubemapExtended.Editor.asmdef)
Assembly with name 'Boxophobic.SkyboxCubemapExtended.Editor' already exists (Assets/BOXOPHOBIC/Skybox Cubemap Extended/Core/Editor/Boxophobic.SkyboxCubemapExtended.Editor.asmdef)
Caller must complete domain reload
Assembly with name 'Boxophobic.SkyboxCubemapExtended.Editor' already exists (Assets/PixelAssets/SkyBox/Skybox Cubemap Extended/Core/Editor/Boxophobic.SkyboxCubemapExtended.Editor.asmdef)
Assembly with name 'Boxophobic.SkyboxCubemapExtended.Editor' already exists (Assets/BOXOPHOBIC/Skybox Cubemap Extended/Core/Editor/Boxophobic.SkyboxCubemapExtended.Editor.asmdef)
Assembly with name 'Boxophobic.Utils.Scripts' already exists (Assets/PixelAssets/BOXOPHOBIC/Utils/Scripts/Boxophobic.Utils.Scripts.asmdef)
Assembly with name 'Boxophobic.Utils.Scripts' already exists (Assets/BOXOPHOBIC/Utils/Scripts/Boxophobic.Utils.Scripts.asmdef)
Assembly with name 'Boxophobic.Utils.Editor' already exists (Assets/BOXOPHOBIC/Utils/Editor/Boxophobic.Utils.Editor.asmdef)
Assembly with name 'Boxophobic.Utils.Editor' already exists (Assets/PixelAssets/SkyBox/Utils/Editor/Boxophobic.Utils.Editor.asmdef)
Assembly with name 'Boxophobic.Utils.Scripts' already exists (Assets/PixelAssets/SkyBox/Utils/Scripts/Boxophobic.Utils.Scripts.asmdef)
Assembly with name 'Boxophobic.Utils.Scripts' already exists (Assets/BOXOPHOBIC/Utils/Scripts/Boxophobic.Utils.Scripts.asmdef)
Assembly with name 'Boxophobic.Utils.Editor' already exists (Assets/PixelAssets/BOXOPHOBIC/Utils/Editor/Boxophobic.Utils.Editor.asmdef)
Assembly with name 'Boxophobic.Utils.Editor' already exists (Assets/PixelAssets/SkyBox/Utils/Editor/Boxophobic.Utils.Editor.asmdef)
Assembly with name 'Boxophobic.SkyboxCubemapExtended.Editor' already exists (Assets/PixelAssets/BOXOPHOBIC/Skybox Cubemap Extended/Core/Editor/Boxophobic.SkyboxCubemapExtended.Editor.asmdef)
Assembly with name 'Boxophobic.SkyboxCubemapExtended.Editor' already exists (Assets/BOXOPHOBIC/Skybox Cubemap Extended/Core/Editor/Boxophobic.SkyboxCubemapExtended.Editor.asmdef)
Begin MonoManager ReloadAssembly
- Loaded All Assemblies, in  0.444 seconds
Native extension for WindowsStandalone target not found
Native extension for Android target not found
Assembly with name 'Boxophobic.SkyboxCubemapExtended.Editor' already exists (Assets/PixelAssets/SkyBox/Skybox Cubemap Extended/Core/Editor/Boxophobic.SkyboxCubemapExtended.Editor.asmdef)
Assembly with name 'Boxophobic.SkyboxCubemapExtended.Editor' already exists (Assets/BOXOPHOBIC/Skybox Cubemap Extended/Core/Editor/Boxophobic.SkyboxCubemapExtended.Editor.asmdef)
Assembly with name 'Boxophobic.Utils.Scripts' already exists (Assets/PixelAssets/BOXOPHOBIC/Utils/Scripts/Boxophobic.Utils.Scripts.asmdef)
Assembly with name 'Boxophobic.Utils.Scripts' already exists (Assets/BOXOPHOBIC/Utils/Scripts/Boxophobic.Utils.Scripts.asmdef)
Assembly with name 'Boxophobic.Utils.Editor' already exists (Assets/BOXOPHOBIC/Utils/Editor/Boxophobic.Utils.Editor.asmdef)
Assembly with name 'Boxophobic.Utils.Editor' already exists (Assets/PixelAssets/SkyBox/Utils/Editor/Boxophobic.Utils.Editor.asmdef)
Assembly with name 'Boxophobic.Utils.Scripts' already exists (Assets/PixelAssets/SkyBox/Utils/Scripts/Boxophobic.Utils.Scripts.asmdef)
Assembly with name 'Boxophobic.Utils.Scripts' already exists (Assets/BOXOPHOBIC/Utils/Scripts/Boxophobic.Utils.Scripts.asmdef)
Assembly with name 'Boxophobic.Utils.Editor' already exists (Assets/PixelAssets/BOXOPHOBIC/Utils/Editor/Boxophobic.Utils.Editor.asmdef)
Assembly with name 'Boxophobic.Utils.Editor' already exists (Assets/PixelAssets/SkyBox/Utils/Editor/Boxophobic.Utils.Editor.asmdef)
Assembly with name 'Boxophobic.SkyboxCubemapExtended.Editor' already exists (Assets/PixelAssets/BOXOPHOBIC/Skybox Cubemap Extended/Core/Editor/Boxophobic.SkyboxCubemapExtended.Editor.asmdef)
Assembly with name 'Boxophobic.SkyboxCubemapExtended.Editor' already exists (Assets/BOXOPHOBIC/Skybox Cubemap Extended/Core/Editor/Boxophobic.SkyboxCubemapExtended.Editor.asmdef)
Mono: successfully reloaded assembly
- Finished resetting the current domain, in  0.912 seconds
Domain Reload Profiling: 1347ms
	BeginReloadAssembly (162ms)
		ExecutionOrderSort (0ms)
		DisableScriptedObjects (4ms)
		BackupInstance (0ms)
		ReleaseScriptingObjects (0ms)
		CreateAndSetChildDomain (24ms)
	RebuildCommonClasses (31ms)
	RebuildNativeTypeToScriptingClass (7ms)
	initialDomainReloadingComplete (30ms)
	LoadAllAssembliesAndSetupDomain (205ms)
		LoadAssemblies (289ms)
		RebuildTransferFunctionScriptingTraits (0ms)
		AnalyzeDomain (17ms)
			TypeCache.Refresh (6ms)
				TypeCache.ScanAssembly (1ms)
			ScanForSourceGeneratedMonoScriptInfo (7ms)
			ResolveRequiredComponents (3ms)
	FinalizeReload (912ms)
		ReleaseScriptCaches (0ms)
		RebuildScriptCaches (0ms)
		SetupLoadedEditorAssemblies (292ms)
			LogAssemblyErrors (0ms)
			InitializePlatformSupportModulesInManaged (18ms)
			SetLoadedEditorAssemblies (3ms)
			RefreshPlugins (0ms)
			BeforeProcessingInitializeOnLoad (71ms)
			ProcessInitializeOnLoadAttributes (167ms)
			ProcessInitializeOnLoadMethodAttributes (16ms)
			AfterProcessingInitializeOnLoad (17ms)
			EditorAssembliesLoaded (0ms)
		ExecutionOrderSort2 (0ms)
		AwakeInstancesAfterBackupRestoration (7ms)
Refreshing native plugins compatible for Editor in 5.61 ms, found 3 plugins.
Preloading 0 native plugins for Editor in 0.00 ms.
Unloading 3328 Unused Serialized files (Serialized files now loaded: 0)
Unloading 17 unused Assets / (174.1 KB). Loaded Objects now: 4012.
Memory consumption went from 129.6 MB to 129.5 MB.
Total: 2.676200 ms (FindLiveObjects: 0.279200 ms CreateObjectMapping: 0.093100 ms MarkObjects: 2.175900 ms  DeleteObjects: 0.127200 ms)

Prepare: number of updated asset objects reloaded= 0
AssetImportParameters requested are different than current active one (requested -> active):
  custom:scripting/monoscript/fileName/StyledEnum.cs: d3e9089c10a459afd24e116991532a17 -> 
  custom:scripting/monoscript/fileName/StyledMessageDrawer.cs: 846041c936c5d9620b614e3f3c622420 -> 
  custom:scripting/monoscript/fileName/NoteboxInspector.cs: 8e1cdf589f1102938093737a98ecf416 -> 
  custom:container-demuxer-ogg: 62fdf1f143b41e24485cea50d1cbac27 -> 
  custom:scripting/monoscript/fileName/Notebox.cs: 5d3cbf6655a2eb230093140ea60e4d6b -> 
  custom:scripting/monoscript/fileName/GameTimer.cs: 597adb2d40d727b3faecea63fd0da384 -> 
  custom:video-codec-MediaFoundation-h265: 746d11721c4dcdbdad8f713fa42b33f4 -> 
  custom:scripting/monoscript/fileName/LoadSettingsData.cs: 579d439e30741ffcaf7be71eacffad1b -> 
  custom:scripting/monoscript/fileName/DrawInspectorBanner.cs: 73c835033f7bbc579f75990a3434e4ba -> 
  custom:scripting/monoscript/fileName/StyledTextDrawer.cs: cd287f68099e693e8875d09e5c3dd666 -> 
  custom:scripting/monoscript/fileName/StyledKeywordInvertedDrawer.cs: d1bb8da12c15b15ab484b2995baf8c54 -> 
  custom:video-decoder-ogg-theora: a1e56fd34408186e4bbccfd4996cb3dc -> 
  custom:scripting/monoscript/fileName/DrawWindowCategory.cs: 73c835033f7bbc579f75990a3434e4ba -> 
  custom:framework-win-MediaFoundation: 216162199b28c13a410421893ffa2e32 -> 
  custom:scripting/monoscript/fileName/StyledEnumDrawer.cs: c6297d15cd5461b0ea798749207f3161 -> 
  custom:scripting/monoscript/fileName/GameOver.cs: 204dcc333de1c17b944f34fa4337dc40 -> 
  custom:scripting/monoscript/fileName/DrawTexturePreview.cs: 73c835033f7bbc579f75990a3434e4ba -> 
  custom:scripting/monoscript/fileName/StyledMaskDrawer.cs: 2d8eff4fc56ec39ce0fa5e2f4e669e39 -> 
  custom:scripting/precompiled-assembly-types:Boxophobic.Utils.Editor: c79820bbf256b6c94e8c7b156dff7ce0 -> 
  custom:scripting/monoscript/fileName/GameTime.cs: 5f16f02791a2cec9842e09d157105dbe -> 
  custom:scripting/monoscript/fileName/StyledBanner.cs: 5391bf2e999759c64ddf88e233971b8c -> 
  custom:scripting/monoscript/fileName/StyledVectorDrawer.cs: 083b7af9620498c4cbe35219626d0722 -> 
  custom:CustomObjectIndexerAttribute: 9a22284fe3817be447336de3de66b15e -> 
  custom:scripting/monoscript/fileName/StyledInteractive.cs: 2c64fba8c0453ea8bd708beee42154e2 -> 
  custom:scripting/monoscript/fileName/SceneSwitch.cs: 828a669c58db53bb1cc692312be0fb5e -> 
  custom:scripting/monoscript/fileName/StyledCategoryDrawer.cs: 7c2ace2071e1c7c4973799f993062740 -> 
  custom:container-demuxer-webm: 4f35f7cbe854078d1ac9338744f61a02 -> 
  custom:scripting/monoscript/fileName/StyledOptionsSliderDrawer.cs: 8e60fe7a5547c1c129bd790583a203f2 -> 
  custom:scripting/monoscript/fileName/StyledButtonDrawer.cs: b80066d9025eaa0f385bedb1dd7675bf -> 
  custom:scripting/monoscript/fileName/StyledTextureSingleLineDrawer.cs: 05250b74777a70378e55624c51c39ad7 -> 
  custom:scripting/monoscript/fileName/StyledIndent.cs: 43f1b2cea4681f5f41347b73416e36e1 -> 
  custom:scripting/monoscript/fileName/StyledMessage.cs: c28ec36d2e4d498534d051b0779cfaed -> 
  custom:scripting/monoscript/fileName/StyledCategory.cs: 91e0d08c559b8f17b354df086cb97216 -> 
  custom:scripting/monoscript/fileName/StyledInteractiveDrawer.cs: e3b5caed43060036d9b37a9d76a07326 -> 
  custom:scripting/monoscript/fileName/SkyboxExtendedShaderGUI.cs: d62ed44d5d046bf81135ac4be7cb98a2 -> 
  custom:scripting/monoscript/fileName/StyledMonoBehaviourEditor.cs: ed0cf7167491bfb6bc881b3d58a32afa -> 
  custom:container-muxer-webm: aa71ff27fc2769a1b78a27578f13a17b -> 
  custom:scripting/monoscript/fileName/StyledRangeOptions.cs: d32b59818555b27fa1edc8b36cb6b6f2 -> 
  custom:scripting/monoscript/fileName/StyledSpaceDrawer.cs: 82c12ae7567fe16f0b3665189e90a92c -> 
  custom:scripting/precompiled-assembly-types:Boxophobic.Utils.Scripts: f0b3457a4cfa3fbff87e5a18b2c81883 -> 
  custom:scripting/monoscript/fileName/StyledBannerDrawer.cs: 22fc74bf92f2037fc5a9c62ab78da1ef -> 
  custom:video-decoder-webm-vp8: 9c59270c3fd7afecdb556c50c9e8de78 -> 
  custom:scripting/monoscript/fileName/StyledLabelGizmo.cs: 7b95062bcc5291a4d14db943b1c4b53f -> 
  custom:scripting/monoscript/fileName/Constant.cs: a50b0a58097449a76faf2ff1ad9afe8f -> 
  custom:scripting/monoscript/fileName/CamController.cs: ae100eb41aad715075060bc2e7942952 -> 
  custom:SearchIndexIgnoredProperties: e643bd26f0fe6173181afceb89e7c659 -> 
  custom:scripting/monoscript/fileName/StyledColoringDrawer.cs: 8d0b8696507902cf165af1f7fd3cde49 -> 
  custom:AudioImporter_EditorPlatform: d09bf68614088b80899f8185d706f6e7 -> 
  custom:scripting/monoscript/fileName/StyledVector2Drawer.cs: 601a11a645ecc5793565139ab375db2b -> 
  custom:scripting/monoscript/fileName/NPCController.cs: 91971bc746f526ae5989d83feceb0d23 -> 
  custom:scripting/monoscript/fileName/StyledSpace.cs: 21141efb4edfe1bd41cc548ff553cd4c -> 
  custom:scripting/monoscript/fileName/StyledScriptableObjectEditor.cs: c7a704643ed9d8b835964588c8cff58c -> 
  custom:scripting/monoscript/fileName/StyledText.cs: 22426d580e90b1c6bca109a0d950d9f5 -> 
  custom:scripting/monoscript/fileName/StyledMask.cs: ac2085eeb353ba8387f49d6e17de09af -> 
  custom:scripting/precompiled-assembly-types:Boxophobic.SkyboxCubemapExtended.Editor: cfe4d9795b15c69311cbcad023e5de80 -> 
  custom:scripting/monoscript/fileName/StyledDiffusionMaterialDrawer.cs: b9e28195bd9e5091a0a68fdbdcd0ebda -> 
  custom:scripting/monoscript/fileName/StyledRemapSliderDrawer.cs: 9f4e31aebdebd353c7aad39017cb8c9b -> 
  custom:scripting/monoscript/fileName/StyledTextureDrawer.cs: 2b8c22ee738ffca40eeba904cbb1b10e -> 
  custom:scripting/monoscript/fileName/StyledTexturePreview.cs: 34ee3a884a5cd1e1a5253c3978a30373 -> 
  custom:scripting/monoscript/fileName/TimeBlock.cs: ceab2db04e96b6a02699b0996bb3c7fc -> 
  custom:scripting/monoscript/fileName/StyledIndentDrawer.cs: 1facbe8fa4a01db8f166906af28b3274 -> 
  custom:scripting/monoscript/fileName/RotateItem.cs: 250453c43e3a31d8443c3546984665c8 -> 
  custom:scripting/monoscript/fileName/StyledKeywordDrawer.cs: 342675827ee80ccdcf9cfe7a6a5d2c36 -> 
  custom:scripting/monoscript/fileName/StyledEmissiveIntensityDrawer.cs: 2044f04ecc5c06af9726adb1fe8f9279 -> 
  custom:scripting/monoscript/fileName/StyledHeaderDrawer.cs: 35c3ad53bb1a31c2e12364619fe3ab7c -> 
  custom:scripting/monoscript/fileName/SettingsData.cs: a3d591340d3c1ad5e363ba3a88387088 -> 
  custom:scripting/monoscript/fileName/StyledDisplayDrawer.cs: 96c3470f1c59300f07875c86d9c08553 -> 
  custom:scripting/monoscript/fileName/StyledVector3Drawer.cs: 8fed8befbccdf06fc51f07c4ec86d2fe -> 
  custom:video-encoder-webm-vp8: eb34c28f22e8b96e1ab97ce403110664 -> 
  custom:audio-decoder-ogg-vorbis: bf7c407c2cedff20999df2af8eb42d56 -> 
  custom:scripting/monoscript/fileName/DrawWindowBanner.cs: 73c835033f7bbc579f75990a3434e4ba -> 
  custom:scripting/monoscript/fileName/StyledButton.cs: 95bf7404447c21267f80beedabf6144f -> 
  custom:scripting/monoscript/fileName/StyledLayersDrawer.cs: a4c0861e3cb426774f13c6ee75a18386 -> 
  custom:scripting/monoscript/fileName/StyledLayers.cs: b5c45a88a3b631c5cce4b45fb11d1436 -> 
  custom:scripting/monoscript/fileName/StyledVector4Drawer.cs: 6d48ac7e1464c4c39e44f21ce75d10a7 -> 
  custom:scripting/monoscript/fileName/StyledToggleDrawer.cs: 7b2a15ba02dc19f48f2ced474d9c4969 -> 
  custom:scripting/monoscript/fileName/StyledDisplay.cs: 9106882f677fad222bbe3befbb4ce8ca -> 
  custom:scripting/monoscript/fileName/DrawInspectorCategory.cs: 73c835033f7bbc579f75990a3434e4ba -> 
  custom:scripting/monoscript/fileName/StyledScriptableObject.cs: 8c1e94b994a1159f1b0ea442e3fb9cc5 -> 
  custom:scripting/monoscript/fileName/StyledTexturePreviewDrawer.cs: d4bf5211f875a0a682cd6ca678f2d223 -> 
  custom:scripting/monoscript/fileName/Utility.cs: 292614d870ffae7a956db3adcca300bd -> 
  custom:audio-encoder-webm-vorbis: bf7c407c2cedff20999df2af8eb42d56 -> 
  custom:scripting/monoscript/fileName/FPSController.cs: ac92d07a6ae04e291cbafb5ffeee5a6f -> 
  custom:scripting/monoscript/fileName/SkyboxExtendedWindows.cs: b86e557e188131d598f040e53d50bfcd -> 
  custom:scripting/precompiled-assembly-types:Assembly-CSharp: 06a5fcda9f5f66575fc9e07b440491bd -> 774ee31bc40a50fac50c9cee90051f6b
  custom:scripting/monoscript/fileName/StyledMonoBehaviour.cs: 5eeabc2200498bebeccb002a960d3e67 -> 
  custom:scripting/monoscript/fileName/StyledRangeOptionsDrawer.cs: 1c9a003d207ddb69114bc9724c1ceca6 -> 
  custom:scripting/monoscript/fileName/SaveSettingsData.cs: 579d439e30741ffcaf7be71eacffad1b -> 
  custom:scripting/monoscript/fileName/DrawInspectorHeader.cs: 73c835033f7bbc579f75990a3434e4ba -> 
========================================================================
Received Prepare
Assembly with name 'Boxophobic.SkyboxCubemapExtended.Editor' already exists (Assets/PixelAssets/SkyBox/Skybox Cubemap Extended/Core/Editor/Boxophobic.SkyboxCubemapExtended.Editor.asmdef)
Assembly with name 'Boxophobic.SkyboxCubemapExtended.Editor' already exists (Assets/BOXOPHOBIC/Skybox Cubemap Extended/Core/Editor/Boxophobic.SkyboxCubemapExtended.Editor.asmdef)
Assembly with name 'Boxophobic.Utils.Scripts' already exists (Assets/PixelAssets/BOXOPHOBIC/Utils/Scripts/Boxophobic.Utils.Scripts.asmdef)
Assembly with name 'Boxophobic.Utils.Scripts' already exists (Assets/BOXOPHOBIC/Utils/Scripts/Boxophobic.Utils.Scripts.asmdef)
Assembly with name 'Boxophobic.Utils.Editor' already exists (Assets/BOXOPHOBIC/Utils/Editor/Boxophobic.Utils.Editor.asmdef)
Assembly with name 'Boxophobic.Utils.Editor' already exists (Assets/PixelAssets/SkyBox/Utils/Editor/Boxophobic.Utils.Editor.asmdef)
Assembly with name 'Boxophobic.Utils.Scripts' already exists (Assets/PixelAssets/SkyBox/Utils/Scripts/Boxophobic.Utils.Scripts.asmdef)
Assembly with name 'Boxophobic.Utils.Scripts' already exists (Assets/BOXOPHOBIC/Utils/Scripts/Boxophobic.Utils.Scripts.asmdef)
Assembly with name 'Boxophobic.Utils.Editor' already exists (Assets/PixelAssets/BOXOPHOBIC/Utils/Editor/Boxophobic.Utils.Editor.asmdef)
Assembly with name 'Boxophobic.Utils.Editor' already exists (Assets/PixelAssets/SkyBox/Utils/Editor/Boxophobic.Utils.Editor.asmdef)
Assembly with name 'Boxophobic.SkyboxCubemapExtended.Editor' already exists (Assets/PixelAssets/BOXOPHOBIC/Skybox Cubemap Extended/Core/Editor/Boxophobic.SkyboxCubemapExtended.Editor.asmdef)
Assembly with name 'Boxophobic.SkyboxCubemapExtended.Editor' already exists (Assets/BOXOPHOBIC/Skybox Cubemap Extended/Core/Editor/Boxophobic.SkyboxCubemapExtended.Editor.asmdef)
Caller must complete domain reload
Assembly with name 'Boxophobic.SkyboxCubemapExtended.Editor' already exists (Assets/PixelAssets/SkyBox/Skybox Cubemap Extended/Core/Editor/Boxophobic.SkyboxCubemapExtended.Editor.asmdef)
Assembly with name 'Boxophobic.SkyboxCubemapExtended.Editor' already exists (Assets/BOXOPHOBIC/Skybox Cubemap Extended/Core/Editor/Boxophobic.SkyboxCubemapExtended.Editor.asmdef)
Assembly with name 'Boxophobic.Utils.Scripts' already exists (Assets/PixelAssets/BOXOPHOBIC/Utils/Scripts/Boxophobic.Utils.Scripts.asmdef)
Assembly with name 'Boxophobic.Utils.Scripts' already exists (Assets/BOXOPHOBIC/Utils/Scripts/Boxophobic.Utils.Scripts.asmdef)
Assembly with name 'Boxophobic.Utils.Editor' already exists (Assets/BOXOPHOBIC/Utils/Editor/Boxophobic.Utils.Editor.asmdef)
Assembly with name 'Boxophobic.Utils.Editor' already exists (Assets/PixelAssets/SkyBox/Utils/Editor/Boxophobic.Utils.Editor.asmdef)
Assembly with name 'Boxophobic.Utils.Scripts' already exists (Assets/PixelAssets/SkyBox/Utils/Scripts/Boxophobic.Utils.Scripts.asmdef)
Assembly with name 'Boxophobic.Utils.Scripts' already exists (Assets/BOXOPHOBIC/Utils/Scripts/Boxophobic.Utils.Scripts.asmdef)
Assembly with name 'Boxophobic.Utils.Editor' already exists (Assets/PixelAssets/BOXOPHOBIC/Utils/Editor/Boxophobic.Utils.Editor.asmdef)
Assembly with name 'Boxophobic.Utils.Editor' already exists (Assets/PixelAssets/SkyBox/Utils/Editor/Boxophobic.Utils.Editor.asmdef)
Assembly with name 'Boxophobic.SkyboxCubemapExtended.Editor' already exists (Assets/PixelAssets/BOXOPHOBIC/Skybox Cubemap Extended/Core/Editor/Boxophobic.SkyboxCubemapExtended.Editor.asmdef)
Assembly with name 'Boxophobic.SkyboxCubemapExtended.Editor' already exists (Assets/BOXOPHOBIC/Skybox Cubemap Extended/Core/Editor/Boxophobic.SkyboxCubemapExtended.Editor.asmdef)
Begin MonoManager ReloadAssembly
- Loaded All Assemblies, in  0.440 seconds
Native extension for WindowsStandalone target not found
Native extension for Android target not found
Assembly with name 'Boxophobic.SkyboxCubemapExtended.Editor' already exists (Assets/PixelAssets/SkyBox/Skybox Cubemap Extended/Core/Editor/Boxophobic.SkyboxCubemapExtended.Editor.asmdef)
Assembly with name 'Boxophobic.SkyboxCubemapExtended.Editor' already exists (Assets/BOXOPHOBIC/Skybox Cubemap Extended/Core/Editor/Boxophobic.SkyboxCubemapExtended.Editor.asmdef)
Assembly with name 'Boxophobic.Utils.Scripts' already exists (Assets/PixelAssets/BOXOPHOBIC/Utils/Scripts/Boxophobic.Utils.Scripts.asmdef)
Assembly with name 'Boxophobic.Utils.Scripts' already exists (Assets/BOXOPHOBIC/Utils/Scripts/Boxophobic.Utils.Scripts.asmdef)
Assembly with name 'Boxophobic.Utils.Editor' already exists (Assets/BOXOPHOBIC/Utils/Editor/Boxophobic.Utils.Editor.asmdef)
Assembly with name 'Boxophobic.Utils.Editor' already exists (Assets/PixelAssets/SkyBox/Utils/Editor/Boxophobic.Utils.Editor.asmdef)
Assembly with name 'Boxophobic.Utils.Scripts' already exists (Assets/PixelAssets/SkyBox/Utils/Scripts/Boxophobic.Utils.Scripts.asmdef)
Assembly with name 'Boxophobic.Utils.Scripts' already exists (Assets/BOXOPHOBIC/Utils/Scripts/Boxophobic.Utils.Scripts.asmdef)
Assembly with name 'Boxophobic.Utils.Editor' already exists (Assets/PixelAssets/BOXOPHOBIC/Utils/Editor/Boxophobic.Utils.Editor.asmdef)
Assembly with name 'Boxophobic.Utils.Editor' already exists (Assets/PixelAssets/SkyBox/Utils/Editor/Boxophobic.Utils.Editor.asmdef)
Assembly with name 'Boxophobic.SkyboxCubemapExtended.Editor' already exists (Assets/PixelAssets/BOXOPHOBIC/Skybox Cubemap Extended/Core/Editor/Boxophobic.SkyboxCubemapExtended.Editor.asmdef)
Assembly with name 'Boxophobic.SkyboxCubemapExtended.Editor' already exists (Assets/BOXOPHOBIC/Skybox Cubemap Extended/Core/Editor/Boxophobic.SkyboxCubemapExtended.Editor.asmdef)
Mono: successfully reloaded assembly
- Finished resetting the current domain, in  1.557 seconds
Domain Reload Profiling: 1991ms
	BeginReloadAssembly (153ms)
		ExecutionOrderSort (0ms)
		DisableScriptedObjects (4ms)
		BackupInstance (0ms)
		ReleaseScriptingObjects (0ms)
		CreateAndSetChildDomain (28ms)
	RebuildCommonClasses (24ms)
	RebuildNativeTypeToScriptingClass (7ms)
	initialDomainReloadingComplete (28ms)
	LoadAllAssembliesAndSetupDomain (222ms)
		LoadAssemblies (299ms)
		RebuildTransferFunctionScriptingTraits (0ms)
		AnalyzeDomain (10ms)
			TypeCache.Refresh (4ms)
				TypeCache.ScanAssembly (0ms)
			ScanForSourceGeneratedMonoScriptInfo (0ms)
			ResolveRequiredComponents (4ms)
	FinalizeReload (1557ms)
		ReleaseScriptCaches (0ms)
		RebuildScriptCaches (0ms)
		SetupLoadedEditorAssemblies (366ms)
			LogAssemblyErrors (0ms)
			InitializePlatformSupportModulesInManaged (22ms)
			SetLoadedEditorAssemblies (3ms)
			RefreshPlugins (0ms)
			BeforeProcessingInitializeOnLoad (94ms)
			ProcessInitializeOnLoadAttributes (213ms)
			ProcessInitializeOnLoadMethodAttributes (17ms)
			AfterProcessingInitializeOnLoad (17ms)
			EditorAssembliesLoaded (0ms)
		ExecutionOrderSort2 (0ms)
		AwakeInstancesAfterBackupRestoration (8ms)
Refreshing native plugins compatible for Editor in 8.80 ms, found 3 plugins.
Preloading 0 native plugins for Editor in 0.00 ms.
Unloading 3328 Unused Serialized files (Serialized files now loaded: 0)
Unloading 17 unused Assets / (166.2 KB). Loaded Objects now: 4016.
Memory consumption went from 129.6 MB to 129.5 MB.
Total: 3.795300 ms (FindLiveObjects: 0.526400 ms CreateObjectMapping: 0.285000 ms MarkObjects: 2.789900 ms  DeleteObjects: 0.193300 ms)

Prepare: number of updated asset objects reloaded= 0
AssetImportParameters requested are different than current active one (requested -> active):
  custom:scripting/monoscript/fileName/StyledEnum.cs: d3e9089c10a459afd24e116991532a17 -> 
  custom:scripting/monoscript/fileName/StyledMessageDrawer.cs: 846041c936c5d9620b614e3f3c622420 -> 
  custom:scripting/monoscript/fileName/NoteboxInspector.cs: 8e1cdf589f1102938093737a98ecf416 -> 
  custom:container-demuxer-ogg: 62fdf1f143b41e24485cea50d1cbac27 -> 
  custom:scripting/monoscript/fileName/Notebox.cs: 5d3cbf6655a2eb230093140ea60e4d6b -> 
  custom:scripting/monoscript/fileName/GameTimer.cs: 597adb2d40d727b3faecea63fd0da384 -> 
  custom:video-codec-MediaFoundation-h265: 746d11721c4dcdbdad8f713fa42b33f4 -> 
  custom:scripting/monoscript/fileName/LoadSettingsData.cs: 579d439e30741ffcaf7be71eacffad1b -> 
  custom:scripting/monoscript/fileName/DrawInspectorBanner.cs: 73c835033f7bbc579f75990a3434e4ba -> 
  custom:scripting/monoscript/fileName/StyledTextDrawer.cs: cd287f68099e693e8875d09e5c3dd666 -> 
  custom:scripting/monoscript/fileName/StyledKeywordInvertedDrawer.cs: d1bb8da12c15b15ab484b2995baf8c54 -> 
  custom:video-decoder-ogg-theora: a1e56fd34408186e4bbccfd4996cb3dc -> 
  custom:scripting/monoscript/fileName/DrawWindowCategory.cs: 73c835033f7bbc579f75990a3434e4ba -> 
  custom:framework-win-MediaFoundation: 216162199b28c13a410421893ffa2e32 -> 
  custom:scripting/monoscript/fileName/StyledEnumDrawer.cs: c6297d15cd5461b0ea798749207f3161 -> 
  custom:scripting/monoscript/fileName/GameOver.cs: 204dcc333de1c17b944f34fa4337dc40 -> 
  custom:scripting/monoscript/fileName/DrawTexturePreview.cs: 73c835033f7bbc579f75990a3434e4ba -> 
  custom:scripting/monoscript/fileName/StyledMaskDrawer.cs: 2d8eff4fc56ec39ce0fa5e2f4e669e39 -> 
  custom:scripting/precompiled-assembly-types:Boxophobic.Utils.Editor: c79820bbf256b6c94e8c7b156dff7ce0 -> 
  custom:scripting/monoscript/fileName/GameTime.cs: 5f16f02791a2cec9842e09d157105dbe -> 
  custom:scripting/monoscript/fileName/StyledBanner.cs: 5391bf2e999759c64ddf88e233971b8c -> 
  custom:scripting/monoscript/fileName/StyledVectorDrawer.cs: 083b7af9620498c4cbe35219626d0722 -> 
  custom:CustomObjectIndexerAttribute: 9a22284fe3817be447336de3de66b15e -> 
  custom:scripting/monoscript/fileName/StyledInteractive.cs: 2c64fba8c0453ea8bd708beee42154e2 -> 
  custom:scripting/monoscript/fileName/SceneSwitch.cs: 828a669c58db53bb1cc692312be0fb5e -> 
  custom:scripting/monoscript/fileName/StyledCategoryDrawer.cs: 7c2ace2071e1c7c4973799f993062740 -> 
  custom:container-demuxer-webm: 4f35f7cbe854078d1ac9338744f61a02 -> 
  custom:scripting/monoscript/fileName/StyledOptionsSliderDrawer.cs: 8e60fe7a5547c1c129bd790583a203f2 -> 
  custom:scripting/monoscript/fileName/StyledButtonDrawer.cs: b80066d9025eaa0f385bedb1dd7675bf -> 
  custom:scripting/monoscript/fileName/StyledTextureSingleLineDrawer.cs: 05250b74777a70378e55624c51c39ad7 -> 
  custom:scripting/monoscript/fileName/StyledIndent.cs: 43f1b2cea4681f5f41347b73416e36e1 -> 
  custom:scripting/monoscript/fileName/StyledMessage.cs: c28ec36d2e4d498534d051b0779cfaed -> 
  custom:scripting/monoscript/fileName/StyledCategory.cs: 91e0d08c559b8f17b354df086cb97216 -> 
  custom:scripting/monoscript/fileName/StyledInteractiveDrawer.cs: e3b5caed43060036d9b37a9d76a07326 -> 
  custom:scripting/monoscript/fileName/SkyboxExtendedShaderGUI.cs: d62ed44d5d046bf81135ac4be7cb98a2 -> 
  custom:scripting/monoscript/fileName/StyledMonoBehaviourEditor.cs: ed0cf7167491bfb6bc881b3d58a32afa -> 
  custom:container-muxer-webm: aa71ff27fc2769a1b78a27578f13a17b -> 
  custom:scripting/monoscript/fileName/StyledRangeOptions.cs: d32b59818555b27fa1edc8b36cb6b6f2 -> 
  custom:scripting/monoscript/fileName/StyledSpaceDrawer.cs: 82c12ae7567fe16f0b3665189e90a92c -> 
  custom:scripting/precompiled-assembly-types:Boxophobic.Utils.Scripts: f0b3457a4cfa3fbff87e5a18b2c81883 -> 
  custom:scripting/monoscript/fileName/StyledBannerDrawer.cs: 22fc74bf92f2037fc5a9c62ab78da1ef -> 
  custom:video-decoder-webm-vp8: 9c59270c3fd7afecdb556c50c9e8de78 -> 
  custom:scripting/monoscript/fileName/StyledLabelGizmo.cs: 7b95062bcc5291a4d14db943b1c4b53f -> 
  custom:scripting/monoscript/fileName/Constant.cs: a50b0a58097449a76faf2ff1ad9afe8f -> 
  custom:scripting/monoscript/fileName/CamController.cs: ae100eb41aad715075060bc2e7942952 -> 
  custom:SearchIndexIgnoredProperties: e643bd26f0fe6173181afceb89e7c659 -> 
  custom:scripting/monoscript/fileName/StyledColoringDrawer.cs: 8d0b8696507902cf165af1f7fd3cde49 -> 
  custom:AudioImporter_EditorPlatform: d09bf68614088b80899f8185d706f6e7 -> 
  custom:scripting/monoscript/fileName/StyledVector2Drawer.cs: 601a11a645ecc5793565139ab375db2b -> 
  custom:scripting/monoscript/fileName/NPCController.cs: 91971bc746f526ae5989d83feceb0d23 -> 
  custom:scripting/monoscript/fileName/StyledSpace.cs: 21141efb4edfe1bd41cc548ff553cd4c -> 
  custom:scripting/monoscript/fileName/StyledScriptableObjectEditor.cs: c7a704643ed9d8b835964588c8cff58c -> 
  custom:scripting/monoscript/fileName/StyledText.cs: 22426d580e90b1c6bca109a0d950d9f5 -> 
  custom:scripting/monoscript/fileName/StyledMask.cs: ac2085eeb353ba8387f49d6e17de09af -> 
  custom:scripting/precompiled-assembly-types:Boxophobic.SkyboxCubemapExtended.Editor: cfe4d9795b15c69311cbcad023e5de80 -> 
  custom:scripting/monoscript/fileName/StyledDiffusionMaterialDrawer.cs: b9e28195bd9e5091a0a68fdbdcd0ebda -> 
  custom:scripting/monoscript/fileName/StyledRemapSliderDrawer.cs: 9f4e31aebdebd353c7aad39017cb8c9b -> 
  custom:scripting/monoscript/fileName/StyledTextureDrawer.cs: 2b8c22ee738ffca40eeba904cbb1b10e -> 
  custom:scripting/monoscript/fileName/StyledTexturePreview.cs: 34ee3a884a5cd1e1a5253c3978a30373 -> 
  custom:scripting/monoscript/fileName/TimeBlock.cs: ceab2db04e96b6a02699b0996bb3c7fc -> 
  custom:scripting/monoscript/fileName/StyledIndentDrawer.cs: 1facbe8fa4a01db8f166906af28b3274 -> 
  custom:scripting/monoscript/fileName/RotateItem.cs: 250453c43e3a31d8443c3546984665c8 -> 
  custom:scripting/monoscript/fileName/StyledKeywordDrawer.cs: 342675827ee80ccdcf9cfe7a6a5d2c36 -> 
  custom:scripting/monoscript/fileName/StyledEmissiveIntensityDrawer.cs: 2044f04ecc5c06af9726adb1fe8f9279 -> 
  custom:scripting/monoscript/fileName/StyledHeaderDrawer.cs: 35c3ad53bb1a31c2e12364619fe3ab7c -> 
  custom:scripting/monoscript/fileName/SettingsData.cs: a3d591340d3c1ad5e363ba3a88387088 -> 
  custom:scripting/monoscript/fileName/StyledDisplayDrawer.cs: 96c3470f1c59300f07875c86d9c08553 -> 
  custom:scripting/monoscript/fileName/StyledVector3Drawer.cs: 8fed8befbccdf06fc51f07c4ec86d2fe -> 
  custom:video-encoder-webm-vp8: eb34c28f22e8b96e1ab97ce403110664 -> 
  custom:audio-decoder-ogg-vorbis: bf7c407c2cedff20999df2af8eb42d56 -> 
  custom:scripting/monoscript/fileName/DrawWindowBanner.cs: 73c835033f7bbc579f75990a3434e4ba -> 
  custom:scripting/monoscript/fileName/StyledButton.cs: 95bf7404447c21267f80beedabf6144f -> 
  custom:scripting/monoscript/fileName/StyledLayersDrawer.cs: a4c0861e3cb426774f13c6ee75a18386 -> 
  custom:scripting/monoscript/fileName/StyledLayers.cs: b5c45a88a3b631c5cce4b45fb11d1436 -> 
  custom:scripting/monoscript/fileName/StyledVector4Drawer.cs: 6d48ac7e1464c4c39e44f21ce75d10a7 -> 
  custom:scripting/monoscript/fileName/StyledToggleDrawer.cs: 7b2a15ba02dc19f48f2ced474d9c4969 -> 
  custom:scripting/monoscript/fileName/StyledDisplay.cs: 9106882f677fad222bbe3befbb4ce8ca -> 
  custom:scripting/monoscript/fileName/DrawInspectorCategory.cs: 73c835033f7bbc579f75990a3434e4ba -> 
  custom:scripting/monoscript/fileName/StyledScriptableObject.cs: 8c1e94b994a1159f1b0ea442e3fb9cc5 -> 
  custom:scripting/monoscript/fileName/StyledTexturePreviewDrawer.cs: d4bf5211f875a0a682cd6ca678f2d223 -> 
  custom:scripting/monoscript/fileName/Utility.cs: 292614d870ffae7a956db3adcca300bd -> 
  custom:audio-encoder-webm-vorbis: bf7c407c2cedff20999df2af8eb42d56 -> 
  custom:scripting/monoscript/fileName/FPSController.cs: ac92d07a6ae04e291cbafb5ffeee5a6f -> 
  custom:scripting/monoscript/fileName/SkyboxExtendedWindows.cs: b86e557e188131d598f040e53d50bfcd -> 
  custom:scripting/precompiled-assembly-types:Assembly-CSharp: 06a5fcda9f5f66575fc9e07b440491bd -> 774ee31bc40a50fac50c9cee90051f6b
  custom:scripting/monoscript/fileName/StyledMonoBehaviour.cs: 5eeabc2200498bebeccb002a960d3e67 -> 
  custom:scripting/monoscript/fileName/StyledRangeOptionsDrawer.cs: 1c9a003d207ddb69114bc9724c1ceca6 -> 
  custom:scripting/monoscript/fileName/SaveSettingsData.cs: 579d439e30741ffcaf7be71eacffad1b -> 
  custom:scripting/monoscript/fileName/DrawInspectorHeader.cs: 73c835033f7bbc579f75990a3434e4ba -> 
========================================================================
Received Prepare
Assembly with name 'Boxophobic.SkyboxCubemapExtended.Editor' already exists (Assets/PixelAssets/SkyBox/Skybox Cubemap Extended/Core/Editor/Boxophobic.SkyboxCubemapExtended.Editor.asmdef)
Assembly with name 'Boxophobic.SkyboxCubemapExtended.Editor' already exists (Assets/BOXOPHOBIC/Skybox Cubemap Extended/Core/Editor/Boxophobic.SkyboxCubemapExtended.Editor.asmdef)
Assembly with name 'Boxophobic.Utils.Scripts' already exists (Assets/PixelAssets/BOXOPHOBIC/Utils/Scripts/Boxophobic.Utils.Scripts.asmdef)
Assembly with name 'Boxophobic.Utils.Scripts' already exists (Assets/BOXOPHOBIC/Utils/Scripts/Boxophobic.Utils.Scripts.asmdef)
Assembly with name 'Boxophobic.Utils.Editor' already exists (Assets/BOXOPHOBIC/Utils/Editor/Boxophobic.Utils.Editor.asmdef)
Assembly with name 'Boxophobic.Utils.Editor' already exists (Assets/PixelAssets/SkyBox/Utils/Editor/Boxophobic.Utils.Editor.asmdef)
Assembly with name 'Boxophobic.Utils.Scripts' already exists (Assets/PixelAssets/SkyBox/Utils/Scripts/Boxophobic.Utils.Scripts.asmdef)
Assembly with name 'Boxophobic.Utils.Scripts' already exists (Assets/BOXOPHOBIC/Utils/Scripts/Boxophobic.Utils.Scripts.asmdef)
Assembly with name 'Boxophobic.Utils.Editor' already exists (Assets/PixelAssets/BOXOPHOBIC/Utils/Editor/Boxophobic.Utils.Editor.asmdef)
Assembly with name 'Boxophobic.Utils.Editor' already exists (Assets/PixelAssets/SkyBox/Utils/Editor/Boxophobic.Utils.Editor.asmdef)
Assembly with name 'Boxophobic.SkyboxCubemapExtended.Editor' already exists (Assets/PixelAssets/BOXOPHOBIC/Skybox Cubemap Extended/Core/Editor/Boxophobic.SkyboxCubemapExtended.Editor.asmdef)
Assembly with name 'Boxophobic.SkyboxCubemapExtended.Editor' already exists (Assets/BOXOPHOBIC/Skybox Cubemap Extended/Core/Editor/Boxophobic.SkyboxCubemapExtended.Editor.asmdef)
Caller must complete domain reload
Assembly with name 'Boxophobic.SkyboxCubemapExtended.Editor' already exists (Assets/PixelAssets/SkyBox/Skybox Cubemap Extended/Core/Editor/Boxophobic.SkyboxCubemapExtended.Editor.asmdef)
Assembly with name 'Boxophobic.SkyboxCubemapExtended.Editor' already exists (Assets/BOXOPHOBIC/Skybox Cubemap Extended/Core/Editor/Boxophobic.SkyboxCubemapExtended.Editor.asmdef)
Assembly with name 'Boxophobic.Utils.Scripts' already exists (Assets/PixelAssets/BOXOPHOBIC/Utils/Scripts/Boxophobic.Utils.Scripts.asmdef)
Assembly with name 'Boxophobic.Utils.Scripts' already exists (Assets/BOXOPHOBIC/Utils/Scripts/Boxophobic.Utils.Scripts.asmdef)
Assembly with name 'Boxophobic.Utils.Editor' already exists (Assets/BOXOPHOBIC/Utils/Editor/Boxophobic.Utils.Editor.asmdef)
Assembly with name 'Boxophobic.Utils.Editor' already exists (Assets/PixelAssets/SkyBox/Utils/Editor/Boxophobic.Utils.Editor.asmdef)
Assembly with name 'Boxophobic.Utils.Scripts' already exists (Assets/PixelAssets/SkyBox/Utils/Scripts/Boxophobic.Utils.Scripts.asmdef)
Assembly with name 'Boxophobic.Utils.Scripts' already exists (Assets/BOXOPHOBIC/Utils/Scripts/Boxophobic.Utils.Scripts.asmdef)
Assembly with name 'Boxophobic.Utils.Editor' already exists (Assets/PixelAssets/BOXOPHOBIC/Utils/Editor/Boxophobic.Utils.Editor.asmdef)
Assembly with name 'Boxophobic.Utils.Editor' already exists (Assets/PixelAssets/SkyBox/Utils/Editor/Boxophobic.Utils.Editor.asmdef)
Assembly with name 'Boxophobic.SkyboxCubemapExtended.Editor' already exists (Assets/PixelAssets/BOXOPHOBIC/Skybox Cubemap Extended/Core/Editor/Boxophobic.SkyboxCubemapExtended.Editor.asmdef)
Assembly with name 'Boxophobic.SkyboxCubemapExtended.Editor' already exists (Assets/BOXOPHOBIC/Skybox Cubemap Extended/Core/Editor/Boxophobic.SkyboxCubemapExtended.Editor.asmdef)
Begin MonoManager ReloadAssembly
- Loaded All Assemblies, in  0.573 seconds
Native extension for WindowsStandalone target not found
Native extension for Android target not found
Assembly with name 'Boxophobic.SkyboxCubemapExtended.Editor' already exists (Assets/PixelAssets/SkyBox/Skybox Cubemap Extended/Core/Editor/Boxophobic.SkyboxCubemapExtended.Editor.asmdef)
Assembly with name 'Boxophobic.SkyboxCubemapExtended.Editor' already exists (Assets/BOXOPHOBIC/Skybox Cubemap Extended/Core/Editor/Boxophobic.SkyboxCubemapExtended.Editor.asmdef)
Assembly with name 'Boxophobic.Utils.Scripts' already exists (Assets/PixelAssets/BOXOPHOBIC/Utils/Scripts/Boxophobic.Utils.Scripts.asmdef)
Assembly with name 'Boxophobic.Utils.Scripts' already exists (Assets/BOXOPHOBIC/Utils/Scripts/Boxophobic.Utils.Scripts.asmdef)
Assembly with name 'Boxophobic.Utils.Editor' already exists (Assets/BOXOPHOBIC/Utils/Editor/Boxophobic.Utils.Editor.asmdef)
Assembly with name 'Boxophobic.Utils.Editor' already exists (Assets/PixelAssets/SkyBox/Utils/Editor/Boxophobic.Utils.Editor.asmdef)
Assembly with name 'Boxophobic.Utils.Scripts' already exists (Assets/PixelAssets/SkyBox/Utils/Scripts/Boxophobic.Utils.Scripts.asmdef)
Assembly with name 'Boxophobic.Utils.Scripts' already exists (Assets/BOXOPHOBIC/Utils/Scripts/Boxophobic.Utils.Scripts.asmdef)
Assembly with name 'Boxophobic.Utils.Editor' already exists (Assets/PixelAssets/BOXOPHOBIC/Utils/Editor/Boxophobic.Utils.Editor.asmdef)
Assembly with name 'Boxophobic.Utils.Editor' already exists (Assets/PixelAssets/SkyBox/Utils/Editor/Boxophobic.Utils.Editor.asmdef)
Assembly with name 'Boxophobic.SkyboxCubemapExtended.Editor' already exists (Assets/PixelAssets/BOXOPHOBIC/Skybox Cubemap Extended/Core/Editor/Boxophobic.SkyboxCubemapExtended.Editor.asmdef)
Assembly with name 'Boxophobic.SkyboxCubemapExtended.Editor' already exists (Assets/BOXOPHOBIC/Skybox Cubemap Extended/Core/Editor/Boxophobic.SkyboxCubemapExtended.Editor.asmdef)
Mono: successfully reloaded assembly
- Finished resetting the current domain, in  1.670 seconds
Domain Reload Profiling: 2236ms
	BeginReloadAssembly (190ms)
		ExecutionOrderSort (0ms)
		DisableScriptedObjects (6ms)
		BackupInstance (0ms)
		ReleaseScriptingObjects (1ms)
		CreateAndSetChildDomain (38ms)
	RebuildCommonClasses (24ms)
	RebuildNativeTypeToScriptingClass (7ms)
	initialDomainReloadingComplete (31ms)
	LoadAllAssembliesAndSetupDomain (314ms)
		LoadAssemblies (394ms)
		RebuildTransferFunctionScriptingTraits (0ms)
		AnalyzeDomain (25ms)
			TypeCache.Refresh (13ms)
				TypeCache.ScanAssembly (0ms)
			ScanForSourceGeneratedMonoScriptInfo (0ms)
			ResolveRequiredComponents (10ms)
	FinalizeReload (1670ms)
		ReleaseScriptCaches (0ms)
		RebuildScriptCaches (0ms)
		SetupLoadedEditorAssemblies (421ms)
			LogAssemblyErrors (0ms)
			InitializePlatformSupportModulesInManaged (28ms)
			SetLoadedEditorAssemblies (5ms)
			RefreshPlugins (0ms)
			BeforeProcessingInitializeOnLoad (105ms)
			ProcessInitializeOnLoadAttributes (245ms)
			ProcessInitializeOnLoadMethodAttributes (23ms)
			AfterProcessingInitializeOnLoad (14ms)
			EditorAssembliesLoaded (0ms)
		ExecutionOrderSort2 (0ms)
		AwakeInstancesAfterBackupRestoration (8ms)
Refreshing native plugins compatible for Editor in 7.94 ms, found 3 plugins.
Preloading 0 native plugins for Editor in 0.00 ms.
Unloading 3328 Unused Serialized files (Serialized files now loaded: 0)
Unloading 17 unused Assets / (166.0 KB). Loaded Objects now: 4020.
Memory consumption went from 129.7 MB to 129.5 MB.
Total: 4.022800 ms (FindLiveObjects: 0.391200 ms CreateObjectMapping: 0.179500 ms MarkObjects: 3.214500 ms  DeleteObjects: 0.236900 ms)

Prepare: number of updated asset objects reloaded= 0
AssetImportParameters requested are different than current active one (requested -> active):
  custom:scripting/monoscript/fileName/StyledEnum.cs: d3e9089c10a459afd24e116991532a17 -> 
  custom:scripting/monoscript/fileName/StyledMessageDrawer.cs: 846041c936c5d9620b614e3f3c622420 -> 
  custom:scripting/monoscript/fileName/NoteboxInspector.cs: 8e1cdf589f1102938093737a98ecf416 -> 
  custom:container-demuxer-ogg: 62fdf1f143b41e24485cea50d1cbac27 -> 
  custom:scripting/monoscript/fileName/Notebox.cs: 5d3cbf6655a2eb230093140ea60e4d6b -> 
  custom:scripting/monoscript/fileName/GameTimer.cs: 597adb2d40d727b3faecea63fd0da384 -> 
  custom:video-codec-MediaFoundation-h265: 746d11721c4dcdbdad8f713fa42b33f4 -> 
  custom:scripting/monoscript/fileName/LoadSettingsData.cs: 579d439e30741ffcaf7be71eacffad1b -> 
  custom:scripting/monoscript/fileName/DrawInspectorBanner.cs: 73c835033f7bbc579f75990a3434e4ba -> 
  custom:scripting/monoscript/fileName/StyledTextDrawer.cs: cd287f68099e693e8875d09e5c3dd666 -> 
  custom:scripting/monoscript/fileName/StyledKeywordInvertedDrawer.cs: d1bb8da12c15b15ab484b2995baf8c54 -> 
  custom:video-decoder-ogg-theora: a1e56fd34408186e4bbccfd4996cb3dc -> 
  custom:scripting/monoscript/fileName/DrawWindowCategory.cs: 73c835033f7bbc579f75990a3434e4ba -> 
  custom:framework-win-MediaFoundation: 216162199b28c13a410421893ffa2e32 -> 
  custom:scripting/monoscript/fileName/StyledEnumDrawer.cs: c6297d15cd5461b0ea798749207f3161 -> 
  custom:scripting/monoscript/fileName/GameOver.cs: 204dcc333de1c17b944f34fa4337dc40 -> 
  custom:scripting/monoscript/fileName/DrawTexturePreview.cs: 73c835033f7bbc579f75990a3434e4ba -> 
  custom:scripting/monoscript/fileName/StyledMaskDrawer.cs: 2d8eff4fc56ec39ce0fa5e2f4e669e39 -> 
  custom:scripting/precompiled-assembly-types:Boxophobic.Utils.Editor: c79820bbf256b6c94e8c7b156dff7ce0 -> 
  custom:scripting/monoscript/fileName/GameTime.cs: 5f16f02791a2cec9842e09d157105dbe -> 
  custom:scripting/monoscript/fileName/StyledBanner.cs: 5391bf2e999759c64ddf88e233971b8c -> 
  custom:scripting/monoscript/fileName/StyledVectorDrawer.cs: 083b7af9620498c4cbe35219626d0722 -> 
  custom:CustomObjectIndexerAttribute: 9a22284fe3817be447336de3de66b15e -> 
  custom:scripting/monoscript/fileName/StyledInteractive.cs: 2c64fba8c0453ea8bd708beee42154e2 -> 
  custom:scripting/monoscript/fileName/SceneSwitch.cs: 828a669c58db53bb1cc692312be0fb5e -> 
  custom:scripting/monoscript/fileName/StyledCategoryDrawer.cs: 7c2ace2071e1c7c4973799f993062740 -> 
  custom:container-demuxer-webm: 4f35f7cbe854078d1ac9338744f61a02 -> 
  custom:scripting/monoscript/fileName/StyledOptionsSliderDrawer.cs: 8e60fe7a5547c1c129bd790583a203f2 -> 
  custom:scripting/monoscript/fileName/StyledButtonDrawer.cs: b80066d9025eaa0f385bedb1dd7675bf -> 
  custom:scripting/monoscript/fileName/StyledTextureSingleLineDrawer.cs: 05250b74777a70378e55624c51c39ad7 -> 
  custom:scripting/monoscript/fileName/StyledIndent.cs: 43f1b2cea4681f5f41347b73416e36e1 -> 
  custom:scripting/monoscript/fileName/StyledMessage.cs: c28ec36d2e4d498534d051b0779cfaed -> 
  custom:scripting/monoscript/fileName/StyledCategory.cs: 91e0d08c559b8f17b354df086cb97216 -> 
  custom:scripting/monoscript/fileName/StyledInteractiveDrawer.cs: e3b5caed43060036d9b37a9d76a07326 -> 
  custom:scripting/monoscript/fileName/SkyboxExtendedShaderGUI.cs: d62ed44d5d046bf81135ac4be7cb98a2 -> 
  custom:scripting/monoscript/fileName/StyledMonoBehaviourEditor.cs: ed0cf7167491bfb6bc881b3d58a32afa -> 
  custom:container-muxer-webm: aa71ff27fc2769a1b78a27578f13a17b -> 
  custom:scripting/monoscript/fileName/StyledRangeOptions.cs: d32b59818555b27fa1edc8b36cb6b6f2 -> 
  custom:scripting/monoscript/fileName/StyledSpaceDrawer.cs: 82c12ae7567fe16f0b3665189e90a92c -> 
  custom:scripting/precompiled-assembly-types:Boxophobic.Utils.Scripts: f0b3457a4cfa3fbff87e5a18b2c81883 -> 
  custom:scripting/monoscript/fileName/StyledBannerDrawer.cs: 22fc74bf92f2037fc5a9c62ab78da1ef -> 
  custom:video-decoder-webm-vp8: 9c59270c3fd7afecdb556c50c9e8de78 -> 
  custom:scripting/monoscript/fileName/StyledLabelGizmo.cs: 7b95062bcc5291a4d14db943b1c4b53f -> 
  custom:scripting/monoscript/fileName/Constant.cs: a50b0a58097449a76faf2ff1ad9afe8f -> 
  custom:scripting/monoscript/fileName/CamController.cs: ae100eb41aad715075060bc2e7942952 -> 
  custom:SearchIndexIgnoredProperties: e643bd26f0fe6173181afceb89e7c659 -> 
  custom:scripting/monoscript/fileName/StyledColoringDrawer.cs: 8d0b8696507902cf165af1f7fd3cde49 -> 
  custom:AudioImporter_EditorPlatform: d09bf68614088b80899f8185d706f6e7 -> 
  custom:scripting/monoscript/fileName/StyledVector2Drawer.cs: 601a11a645ecc5793565139ab375db2b -> 
  custom:scripting/monoscript/fileName/NPCController.cs: 91971bc746f526ae5989d83feceb0d23 -> 
  custom:scripting/monoscript/fileName/StyledSpace.cs: 21141efb4edfe1bd41cc548ff553cd4c -> 
  custom:scripting/monoscript/fileName/StyledScriptableObjectEditor.cs: c7a704643ed9d8b835964588c8cff58c -> 
  custom:scripting/monoscript/fileName/StyledText.cs: 22426d580e90b1c6bca109a0d950d9f5 -> 
  custom:scripting/monoscript/fileName/StyledMask.cs: ac2085eeb353ba8387f49d6e17de09af -> 
  custom:scripting/precompiled-assembly-types:Boxophobic.SkyboxCubemapExtended.Editor: cfe4d9795b15c69311cbcad023e5de80 -> 
  custom:scripting/monoscript/fileName/StyledDiffusionMaterialDrawer.cs: b9e28195bd9e5091a0a68fdbdcd0ebda -> 
  custom:scripting/monoscript/fileName/StyledRemapSliderDrawer.cs: 9f4e31aebdebd353c7aad39017cb8c9b -> 
  custom:scripting/monoscript/fileName/StyledTextureDrawer.cs: 2b8c22ee738ffca40eeba904cbb1b10e -> 
  custom:scripting/monoscript/fileName/StyledTexturePreview.cs: 34ee3a884a5cd1e1a5253c3978a30373 -> 
  custom:scripting/monoscript/fileName/TimeBlock.cs: ceab2db04e96b6a02699b0996bb3c7fc -> 
  custom:scripting/monoscript/fileName/StyledIndentDrawer.cs: 1facbe8fa4a01db8f166906af28b3274 -> 
  custom:scripting/monoscript/fileName/RotateItem.cs: 250453c43e3a31d8443c3546984665c8 -> 
  custom:scripting/monoscript/fileName/StyledKeywordDrawer.cs: 342675827ee80ccdcf9cfe7a6a5d2c36 -> 
  custom:scripting/monoscript/fileName/StyledEmissiveIntensityDrawer.cs: 2044f04ecc5c06af9726adb1fe8f9279 -> 
  custom:scripting/monoscript/fileName/StyledHeaderDrawer.cs: 35c3ad53bb1a31c2e12364619fe3ab7c -> 
  custom:scripting/monoscript/fileName/SettingsData.cs: a3d591340d3c1ad5e363ba3a88387088 -> 
  custom:scripting/monoscript/fileName/StyledDisplayDrawer.cs: 96c3470f1c59300f07875c86d9c08553 -> 
  custom:scripting/monoscript/fileName/StyledVector3Drawer.cs: 8fed8befbccdf06fc51f07c4ec86d2fe -> 
  custom:video-encoder-webm-vp8: eb34c28f22e8b96e1ab97ce403110664 -> 
  custom:audio-decoder-ogg-vorbis: bf7c407c2cedff20999df2af8eb42d56 -> 
  custom:scripting/monoscript/fileName/DrawWindowBanner.cs: 73c835033f7bbc579f75990a3434e4ba -> 
  custom:scripting/monoscript/fileName/StyledButton.cs: 95bf7404447c21267f80beedabf6144f -> 
  custom:scripting/monoscript/fileName/StyledLayersDrawer.cs: a4c0861e3cb426774f13c6ee75a18386 -> 
  custom:scripting/monoscript/fileName/StyledLayers.cs: b5c45a88a3b631c5cce4b45fb11d1436 -> 
  custom:scripting/monoscript/fileName/StyledVector4Drawer.cs: 6d48ac7e1464c4c39e44f21ce75d10a7 -> 
  custom:scripting/monoscript/fileName/StyledToggleDrawer.cs: 7b2a15ba02dc19f48f2ced474d9c4969 -> 
  custom:scripting/monoscript/fileName/StyledDisplay.cs: 9106882f677fad222bbe3befbb4ce8ca -> 
  custom:scripting/monoscript/fileName/DrawInspectorCategory.cs: 73c835033f7bbc579f75990a3434e4ba -> 
  custom:scripting/monoscript/fileName/StyledScriptableObject.cs: 8c1e94b994a1159f1b0ea442e3fb9cc5 -> 
  custom:scripting/monoscript/fileName/StyledTexturePreviewDrawer.cs: d4bf5211f875a0a682cd6ca678f2d223 -> 
  custom:scripting/monoscript/fileName/Utility.cs: 292614d870ffae7a956db3adcca300bd -> 
  custom:audio-encoder-webm-vorbis: bf7c407c2cedff20999df2af8eb42d56 -> 
  custom:scripting/monoscript/fileName/FPSController.cs: ac92d07a6ae04e291cbafb5ffeee5a6f -> 
  custom:scripting/monoscript/fileName/SkyboxExtendedWindows.cs: b86e557e188131d598f040e53d50bfcd -> 
  custom:scripting/precompiled-assembly-types:Assembly-CSharp: 06a5fcda9f5f66575fc9e07b440491bd -> 774ee31bc40a50fac50c9cee90051f6b
  custom:scripting/monoscript/fileName/StyledMonoBehaviour.cs: 5eeabc2200498bebeccb002a960d3e67 -> 
  custom:scripting/monoscript/fileName/StyledRangeOptionsDrawer.cs: 1c9a003d207ddb69114bc9724c1ceca6 -> 
  custom:scripting/monoscript/fileName/SaveSettingsData.cs: 579d439e30741ffcaf7be71eacffad1b -> 
  custom:scripting/monoscript/fileName/DrawInspectorHeader.cs: 73c835033f7bbc579f75990a3434e4ba -> 
